"Pangaea_DOI","CSC flag","len"
"PANGAEA.885869","[8]","1"
"PANGAEA.885868","[8]","1"
"PANGAEA.885872","[8]","1"
"PANGAEA.885871","[8]","1"
"PANGAEA.885807","[8]","1"
"PANGAEA.885873","[8]","1"
"PANGAEA.885870","[8]","1"
"PANGAEA.872023","[28]","1"
"PANGAEA.912578","[27.0]","1"
"PANGAEA.912575","[27]","1"
"PANGAEA.926403","[8]","1"
"PANGAEA.830185","[8]","1"
"PANGAEA.925816","[8]","1"
"PANGAEA.879615","[15.0]","1"
"PANGAEA.831619","[15.0]","1"
"PANGAEA.830736","[8]","1"
"PANGAEA.864475","[8]","1"
"PANGAEA.892313","[8]","1"
"PANGAEA.907776","[8]","1"
"PANGAEA.757990","[26]","1"
"PANGAEA.869415","[15.0, 8.0, 9.0]","3"
"PANGAEA.868942","[15]","1"
"PANGAEA.835430","[24]","1"
"PANGAEA.875707","[15]","1"
"PANGAEA.908180","[15]","1"
"PANGAEA.834082","[28.0, 24.0]","2"
"PANGAEA.825108","[24]","1"
"PANGAEA.922738","[26.0]","1"
"PANGAEA.899865","[26.0]","1"
"PANGAEA.717727","[15]","1"
"PANGAEA.874861","[8]","1"
"PANGAEA.900449","[26]","1"
"PANGAEA.884671","[27]","1"
"PANGAEA.908485","[8]","1"
"PANGAEA.775821","[8]","1"
"PANGAEA.923833","[26.0]","1"
"PANGAEA.718100","[29]","1"
"PANGAEA.888098","[26]","1"
"PANGAEA.728727","[15]","1"
"PANGAEA.836845","[8]","1"
"PANGAEA.771572","[8]","1"
"PANGAEA.923983","[8.0]","1"
"PANGAEA.888396","[8]","1"
"PANGAEA.822160","[26]","1"
"PANGAEA.860802","[26.0]","1"
"PANGAEA.913179","[24]","1"
"PANGAEA.877961","[26]","1"
"PANGAEA.848420","[27]","1"
"PANGAEA.860455","[26]","1"
"PANGAEA.867565","[15.0]","1"
"PANGAEA.843970","[26]","1"
"PANGAEA.848718","[26.0]","1"
"PANGAEA.778199","[26]","1"
"PANGAEA.832994","[26.0]","1"
"PANGAEA.823583","[8]","1"
"PANGAEA.832584","[8]","1"
"PANGAEA.929192","[26]","1"
"PANGAEA.913398","[15]","1"
"PANGAEA.833075","[15.0]","1"
"PANGAEA.726914","[9]","1"
"PANGAEA.758065","[26]","1"
"PANGAEA.754790","[26]","1"
"PANGAEA.833741","[8]","1"
"PANGAEA.900729","[26]","1"
"PANGAEA.887648","[26]","1"
"PANGAEA.922623","[8]","1"
"PANGAEA.763898","[26]","1"
"PANGAEA.869416","[8]","1"
"PANGAEA.846939","[26]","1"
"PANGAEA.773850","[27]","1"
"PANGAEA.924121","[8.0]","1"
"PANGAEA.829815","[8]","1"
"PANGAEA.835712","[26]","1"
"PANGAEA.771909","[26.0]","1"
"PANGAEA.838995","[15]","1"
"PANGAEA.848050","[8.0]","1"
"PANGAEA.763348","[26]","1"
"PANGAEA.736931","[29]","1"
"PANGAEA.918825","[15]","1"
"PANGAEA.831180","[15]","1"
"PANGAEA.758699","[29]","1"
"PANGAEA.892655","[8]","1"
"PANGAEA.831694","[15]","1"
"PANGAEA.919321","[26]","1"
"PANGAEA.835310","[8]","1"
"PANGAEA.914886","[8]","1"
"PANGAEA.831182","[27]","1"
"PANGAEA.918625","[24.0]","1"
"PANGAEA.869318","[8]","1"
"PANGAEA.919356","[26]","1"
"PANGAEA.859078","[27.0]","1"
"PANGAEA.914328","[8.0]","1"
"PANGAEA.733905","[8.0]","1"
"PANGAEA.745072","[15]","1"
"PANGAEA.933802","[15.0]","1"
"PANGAEA.870407","[8.0]","1"
"PANGAEA.846883","[27]","1"
"PANGAEA.823582","[8]","1"
"PANGAEA.872635","[26]","1"
"PANGAEA.769754","[9]","1"
"PANGAEA.924257","[26]","1"
"PANGAEA.859058","[15.0]","1"
"PANGAEA.865341","[15.0]","1"
"PANGAEA.836887","[8]","1"
"PANGAEA.770088","[26]","1"
"PANGAEA.887765","[26]","1"
"PANGAEA.833949","[15]","1"
"PANGAEA.887706","[8]","1"
"PANGAEA.823545","[15]","1"
"PANGAEA.869838","[29]","1"
"PANGAEA.843533","[9]","1"
"PANGAEA.920153","[26]","1"
"PANGAEA.932922","[8]","1"
"PANGAEA.870756","[26]","1"
"PANGAEA.899481","[8]","1"
"PANGAEA.763298","[15]","1"
"PANGAEA.833265","[8.0]","1"
"PANGAEA.867494","[15]","1"
"PANGAEA.721770","[15]","1"
"PANGAEA.836216","[26]","1"
"PANGAEA.831657","[15]","1"
"PANGAEA.864093","[8.0]","1"
"PANGAEA.846878","[8]","1"
"PANGAEA.840478","[26.0]","1"
"PANGAEA.823080","[26]","1"
"PANGAEA.821467","[8]","1"
"PANGAEA.860529","[27]","1"
"PANGAEA.772705","[26]","1"
"PANGAEA.831445","[26]","1"
"PANGAEA.837675","[24]","1"
"PANGAEA.930559","[8]","1"
"PANGAEA.919939","[15]","1"
"PANGAEA.920039","[8]","1"
"PANGAEA.884670","[27]","1"
"PANGAEA.767577","[26]","1"
"PANGAEA.830882","[26]","1"
"PANGAEA.875087","[26]","1"
"PANGAEA.721887","[24]","1"
"PANGAEA.929013","[8]","1"
"PANGAEA.880379","[26]","1"
"PANGAEA.889803","[15.0]","1"
"PANGAEA.865330","[8.0]","1"
"PANGAEA.836948","[26.0]","1"
"PANGAEA.733910","[15]","1"
"PANGAEA.929722","[8]","1"
"PANGAEA.923836","[15.0]","1"
"PANGAEA.888196","[26]","1"
"PANGAEA.889437","[26.0]","1"
"PANGAEA.834430","[26.0]","1"
"PANGAEA.910106","[8]","1"
"PANGAEA.868603","[15]","1"
"PANGAEA.914838","[8.0]","1"
"PANGAEA.875791","[8]","1"
"PANGAEA.901016","[26]","1"
"PANGAEA.839919","[15]","1"
"PANGAEA.932705","[24.0]","1"
"PANGAEA.902426","[15]","1"
"PANGAEA.836918","[26]","1"
"PANGAEA.736519","[8]","1"
"PANGAEA.848716","[8.0]","1"
"PANGAEA.834083","[15.0]","1"
"PANGAEA.860979","[8]","1"
"PANGAEA.878128","[8]","1"
"PANGAEA.911498","[15]","1"
"PANGAEA.891206","[24]","1"
"PANGAEA.868351","[8.0]","1"
"PANGAEA.908107","[27]","1"
"PANGAEA.831725","[8]","1"
"PANGAEA.922147","[8]","1"
"PANGAEA.834309","[26]","1"
"PANGAEA.868738","[24]","1"
"PANGAEA.914653","[26.0]","1"
"PANGAEA.867388","[15]","1"
"PANGAEA.820432","[9]","1"
"PANGAEA.831208","[15]","1"
"PANGAEA.837087","[8.0]","1"
"PANGAEA.873255","[8.0]","1"
"PANGAEA.771296","[26]","1"
"PANGAEA.875584","[15]","1"
"PANGAEA.917705","[8.0]","1"
"PANGAEA.910337","[26]","1"
"PANGAEA.879778","[15.0]","1"
"PANGAEA.820333","[15.0]","1"
"PANGAEA.910336","[26]","1"
"PANGAEA.923759","[15.0]","1"
"PANGAEA.758700","[26]","1"
"PANGAEA.911695","[8]","1"
"PANGAEA.892842","[26]","1"
"PANGAEA.848689","[24.0]","1"
"PANGAEA.877984","[8]","1"
"PANGAEA.758066","[29]","1"
"PANGAEA.907991","[9]","1"
"PANGAEA.836787","[15]","1"
"PANGAEA.756652","[8]","1"
"PANGAEA.721879","[15]","1"
"PANGAEA.907734","[26]","1"
"PANGAEA.837677","[15]","1"
"PANGAEA.892277","[8]","1"
"PANGAEA.825017","[8]","1"
"PANGAEA.841042","[8.0]","1"
"PANGAEA.843920","[8]","1"
"PANGAEA.911559","[8.0]","1"
"PANGAEA.772703","[26]","1"
"PANGAEA.836728","[26]","1"
"PANGAEA.907827","[8]","1"
"PANGAEA.933962","[8]","1"
"PANGAEA.829532","[24.0]","1"
"PANGAEA.832413","[15]","1"
"PANGAEA.917470","[15.0]","1"
"PANGAEA.755151","[26]","1"
"PANGAEA.833912","[8]","1"
"PANGAEA.823607","[26]","1"
"PANGAEA.717852","[26]","1"
"PANGAEA.875147","[15]","1"
"PANGAEA.867800","[26]","1"
"PANGAEA.863975","[9]","1"
"PANGAEA.929464","[8.0]","1"
"PANGAEA.874081","[8]","1"
"PANGAEA.899574","[8]","1"
"PANGAEA.840479","[26]","1"
"PANGAEA.830817","[8]","1"
"PANGAEA.859057","[26]","1"
"PANGAEA.912260","[8]","1"
"PANGAEA.826455","[26]","1"
"PANGAEA.918928","[8.0]","1"
"PANGAEA.924523","[24]","1"
"PANGAEA.831612","[8.0]","1"
"PANGAEA.890698","[8]","1"
"PANGAEA.922860","[26]","1"
"PANGAEA.836665","[8.0]","1"
"PANGAEA.924614","[8.0]","1"
"PANGAEA.830714","[26]","1"
"PANGAEA.718250","[15, 0]","2"
"PANGAEA.833014","[27.0]","1"
"PANGAEA.771576","[26.0]","1"
"PANGAEA.900659","[8]","1"
"PANGAEA.863138","[26]","1"
"PANGAEA.836140","[8]","1"
"PANGAEA.830737","[8]","1"
"PANGAEA.861372","[15]","1"
"PANGAEA.772704","[15]","1"
"PANGAEA.924534","[8]","1"
"PANGAEA.929866","[26]","1"
"PANGAEA.842378","[26]","1"
"PANGAEA.860466","[8]","1"
"PANGAEA.884107","[15]","1"
"PANGAEA.878281","[8]","1"
"PANGAEA.836006","[26.0]","1"
"PANGAEA.890872","[15]","1"
"PANGAEA.903033","[8.0]","1"
"PANGAEA.892529","[26]","1"
"PANGAEA.884087","[15]","1"
"PANGAEA.849401","[26]","1"
"PANGAEA.873555","[8.0]","1"
"PANGAEA.839886","[26]","1"
"PANGAEA.859285","[27]","1"
"PANGAEA.933390","[8]","1"
"PANGAEA.721856","[15.0]","1"
"PANGAEA.922827","[26]","1"
"PANGAEA.763301","[26]","1"
"PANGAEA.892497","[8]","1"
"PANGAEA.892895","[26]","1"
"PANGAEA.926648","[26]","1"
"PANGAEA.909481","[8]","1"
"PANGAEA.835643","[26.0]","1"
"PANGAEA.848035","[15]","1"
"PANGAEA.778197","[29]","1"
"PANGAEA.859531","[15]","1"
"PANGAEA.906023","[26]","1"
"PANGAEA.929942","[26]","1"
"PANGAEA.847478","[26]","1"
"PANGAEA.864094","[8.0]","1"
"PANGAEA.755149","[27]","1"
"PANGAEA.873857","[8]","1"
"PANGAEA.823152","[26]","1"
"PANGAEA.929195","[26]","1"
"PANGAEA.842216","[26.0]","1"
"PANGAEA.925615","[15]","1"
"PANGAEA.775819","[26]","1"
"PANGAEA.869455","[26]","1"
"PANGAEA.911747","[26]","1"
"PANGAEA.933100","[15.0]","1"
"PANGAEA.884805","[15.0]","1"
"PANGAEA.835484","[15]","1"
"PANGAEA.758631","[21.0]","1"
"PANGAEA.927166","[9]","1"
"PANGAEA.843730","[26]","1"
"PANGAEA.862139","[8]","1"
"PANGAEA.879816","[8.0]","1"
"PANGAEA.770089","[15.0]","1"
"PANGAEA.868920","[26]","1"
"PANGAEA.912848","[24]","1"
"PANGAEA.831209","[26]","1"
"PANGAEA.861971","[26]","1"
"PANGAEA.924086","[15]","1"
"PANGAEA.723045","[15.0]","1"
"PANGAEA.727545","[15]","1"
"PANGAEA.846877","[8]","1"
"PANGAEA.879793","[26]","1"
"PANGAEA.831938","[8]","1"
"PANGAEA.837249","[8]","1"
"PANGAEA.869633","[15]","1"
"PANGAEA.892891","[29]","1"
"PANGAEA.831695","[26]","1"
"PANGAEA.831527","[26.0]","1"
"PANGAEA.927310","[15]","1"
"PANGAEA.924085","[8]","1"
"PANGAEA.758198","[8]","1"
"PANGAEA.917477","[15]","1"
"PANGAEA.890816","[9.0]","1"
"PANGAEA.908817","[15]","1"
"PANGAEA.925299","[15.0]","1"
"PANGAEA.867318","[26]","1"
"PANGAEA.873310","[25]","1"
"PANGAEA.859956","[15]","1"
"PANGAEA.830803","[26]","1"
"PANGAEA.833440","[26]","1"
"PANGAEA.777447","[26]","1"
"PANGAEA.849372","[15.0]","1"
"PANGAEA.915941","[8.0]","1"
"PANGAEA.872634","[8]","1"
"PANGAEA.770491","[26]","1"
"PANGAEA.869806","[15]","1"
"PANGAEA.929565","[8]","1"
"PANGAEA.860868","[27.0]","1"
"PANGAEA.931749","[9.0]","1"
"PANGAEA.830640","[8]","1"
"PANGAEA.835319","[26]","1"
"PANGAEA.862558","[15]","1"
"PANGAEA.761768","[15]","1"
"PANGAEA.888104","[26]","1"
"PANGAEA.920025","[8]","1"
"PANGAEA.873316","[29.0]","1"
"PANGAEA.848868","[8]","1"
"PANGAEA.860530","[8.0]","1"
"PANGAEA.890639","[26]","1"
"PANGAEA.833913","[8]","1"
"PANGAEA.763912","[26]","1"
"PANGAEA.887704","[8]","1"
"PANGAEA.926944","[26]","1"
"PANGAEA.770068","[26]","1"
"PANGAEA.831660","[8]","1"
"PANGAEA.763291","[26]","1"
"PANGAEA.862529","[8.0]","1"
"PANGAEA.726961","[26]","1"
"PANGAEA.875262","[8.0]","1"
"PANGAEA.833325","[15.0]","1"
"PANGAEA.774792","[26.0]","1"
"PANGAEA.921192","[29]","1"
"PANGAEA.835393","[29]","1"
"PANGAEA.891065","[26]","1"
"PANGAEA.892130","[15]","1"
"PANGAEA.868905","[24]","1"
"PANGAEA.728723","[15]","1"
"PANGAEA.908836","[26]","1"
"PANGAEA.833354","[24.0]","1"
"PANGAEA.718130","[13]","1"
"PANGAEA.838494","[24]","1"
"PANGAEA.932784","[8]","1"
"PANGAEA.874786","[26]","1"
"PANGAEA.925184","[8]","1"
"PANGAEA.931339","[25.0]","1"
"PANGAEA.925329","[8]","1"
"PANGAEA.931217","[15.0]","1"
"PANGAEA.833950","[26]","1"
"PANGAEA.833632","[8]","1"
"PANGAEA.878078","[8]","1"
"PANGAEA.926447","[9]","1"
"PANGAEA.839076","[8]","1"
"PANGAEA.911395","[8.0]","1"
"PANGAEA.924122","[8, 29]","2"
"PANGAEA.906202","[8]","1"
"PANGAEA.908246","[8.0]","1"
"PANGAEA.833423","[15.0]","1"
"PANGAEA.874790","[15]","1"
"PANGAEA.924364","[26]","1"
"PANGAEA.906571","[8]","1"
"PANGAEA.771574","[26]","1"
"PANGAEA.924558","[26]","1"
"PANGAEA.892335","[8.0]","1"
"PANGAEA.778196","[27]","1"
"PANGAEA.892827","[26]","1"
"PANGAEA.859356","[8]","1"
"PANGAEA.874858","[26]","1"
"PANGAEA.880318","[26]","1"
"PANGAEA.834210","[26]","1"
"PANGAEA.847762","[15]","1"
"PANGAEA.922140","[26]","1"
"PANGAEA.829879","[26]","1"
"PANGAEA.902088","[26]","1"
"PANGAEA.893534","[24]","1"
"PANGAEA.873191","[15.0]","1"
"PANGAEA.916203","[8]","1"
"PANGAEA.860079","[8]","1"
"PANGAEA.880536","[8]","1"
"PANGAEA.920209","[8]","1"
"PANGAEA.761769","[29]","1"
"PANGAEA.884088","[15]","1"
"PANGAEA.754785","[26]","1"
"PANGAEA.836793","[8]","1"
"PANGAEA.823757","[26.0]","1"
"PANGAEA.908309","[26]","1"
"PANGAEA.922977","[8]","1"
"PANGAEA.929283","[15]","1"
"PANGAEA.887792","[9]","1"
"PANGAEA.890635","[27]","1"
"PANGAEA.906752","[15]","1"
"PANGAEA.833260","[21.0]","1"
"PANGAEA.870707","[26]","1"
"PANGAEA.848084","[26]","1"
"PANGAEA.833115","[26]","1"
"PANGAEA.908103","[9]","1"
"PANGAEA.831600","[8]","1"
"PANGAEA.874083","[8]","1"
"PANGAEA.890637","[15]","1"
"PANGAEA.899515","[15.0]","1"
"PANGAEA.911802","[8]","1"
"PANGAEA.873556","[9.0]","1"
"PANGAEA.919534","[26]","1"
"PANGAEA.875890","[8]","1"
"PANGAEA.839887","[8]","1"
"PANGAEA.847964","[26.0]","1"
"PANGAEA.893703","[8, 24]","2"
"PANGAEA.869291","[8]","1"
"PANGAEA.924054","[21]","1"
"PANGAEA.771297","[9]","1"
"PANGAEA.935477","[15]","1"
"PANGAEA.721883","[27.0]","1"
"PANGAEA.861963","[8]","1"
"PANGAEA.833874","[8]","1"
"PANGAEA.833187","[8]","1"
"PANGAEA.908234","[26]","1"
"PANGAEA.833768","[8]","1"
"PANGAEA.830605","[8.0]","1"
"PANGAEA.930632","[15]","1"
"PANGAEA.774787","[26]","1"
"PANGAEA.869484","[15.0]","1"
"PANGAEA.830139","[26]","1"
"PANGAEA.839344","[26]","1"
"PANGAEA.871938","[26]","1"
"PANGAEA.770479","[27]","1"
"PANGAEA.821210","[9]","1"
"PANGAEA.778150","[26]","1"
"PANGAEA.877953","[27.0]","1"
"PANGAEA.758632","[15]","1"
"PANGAEA.824063","[9]","1"
"PANGAEA.831831","[8]","1"
"PANGAEA.754807","[8]","1"
"PANGAEA.834495","[8.0]","1"
"PANGAEA.876122","[9.0]","1"
"PANGAEA.932839","[8]","1"
"PANGAEA.930496","[26]","1"
"PANGAEA.837970","[26]","1"
"PANGAEA.868919","[26]","1"
"PANGAEA.846762","[9]","1"
"PANGAEA.756663","[15]","1"
"PANGAEA.874845","[15]","1"
"PANGAEA.874855","[15]","1"
"PANGAEA.821209","[9]","1"
"PANGAEA.831429","[9]","1"
"PANGAEA.830299","[27.0]","1"
"PANGAEA.893428","[15]","1"
"PANGAEA.717621","[26]","1"
"PANGAEA.717486","[26]","1"
"PANGAEA.717620","[26]","1"
"PANGAEA.716843","[26]","1"
"PANGAEA.847479","[26]","1"
"PANGAEA.829084","[9]","1"
"PANGAEA.778190","[15.0]","1"
"PANGAEA.876211","[9.0]","1"
"PANGAEA.831726","[26]","1"
"PANGAEA.833067","[9]","1"
"PANGAEA.721193","[26]","1"
"PANGAEA.769727","[8]","1"
"PANGAEA.875880","[8]","1"
"PANGAEA.810331","[15.0]","1"
"PANGAEA.872533","[27.0]","1"
"PANGAEA.847229","[15]","1"
"PANGAEA.835117","[15.0]","1"
"PANGAEA.834159","[15]","1"
"PANGAEA.842185","[15.0]","1"
"PANGAEA.836963","[8]","1"
"PANGAEA.872397","[15]","1"
"PANGAEA.872400","[8]","1"
"PANGAEA.936683","[8.0]","1"
"PANGAEA.868943","[8]","1"
"PANGAEA.774781","[26.0]","1"
"PANGAEA.874959","[26]","1"
"PANGAEA.862074","[26]","1"
"PANGAEA.929633","[8]","1"
"PANGAEA.845831","[27]","1"
"PANGAEA.763290","[26]","1"
"PANGAEA.840590","[8.0]","1"
"PANGAEA.840648","[15.0]","1"
"PANGAEA.717551","[26]","1"
"PANGAEA.721761","[8]","1"
"PANGAEA.737457","[27.0]","1"
"PANGAEA.744720","[8]","1"
"PANGAEA.860712","[8.0]","1"
"PANGAEA.875108","[8]","1"
"PANGAEA.763990","[15.0]","1"
"PANGAEA.928764","[8]","1"
"PANGAEA.862075","[8]","1"
"PANGAEA.909061","[8.0]","1"
"PANGAEA.754778","[24]","1"
"PANGAEA.771294","[8]","1"
"PANGAEA.771569","[8]","1"
"PANGAEA.756648","[15.0]","1"
"PANGAEA.756649","[15]","1"
"PANGAEA.923104","[9]","1"
"PANGAEA.913332","[8]","1"
"PANGAEA.843969","[8.0]","1"
"PANGAEA.936541","[26.0]","1"
"PANGAEA.875086","[21.0]","1"
"PANGAEA.890803","[9.0]","1"
"PANGAEA.763982","[8]","1"
"PANGAEA.763987","[8]","1"
"PANGAEA.763984","[8]","1"
"PANGAEA.773844","[26]","1"
"PANGAEA.773845","[26]","1"
"PANGAEA.773842","[26]","1"
"PANGAEA.773841","[26]","1"
"PANGAEA.890180","[8.0]","1"
"PANGAEA.772696","[8]","1"
"PANGAEA.830881","[9]","1"
"PANGAEA.846486","[27]","1"
"PANGAEA.863126","[15.0]","1"
"PANGAEA.777432","[26]","1"
"PANGAEA.843600","[26.0]","1"
"PANGAEA.826456","[15]","1"
"PANGAEA.832536","[15]","1"
"PANGAEA.875066","[15]","1"
"PANGAEA.836367","[8]","1"
"PANGAEA.883475","[15]","1"
"PANGAEA.829376","[15]","1"
"PANGAEA.861839","[15]","1"
"PANGAEA.733946","[15]","1"
"PANGAEA.842157","[15.0]","1"
"PANGAEA.762307","[15.0]","1"
"PANGAEA.873653","[9]","1"
"PANGAEA.916160","[26]","1"
"PANGAEA.835214","[15]","1"
"PANGAEA.851340","[27.0]","1"
"PANGAEA.919852","[24]","1"
"PANGAEA.763842","[15]","1"
"PANGAEA.727841","[24.0]","1"
"PANGAEA.833162","[15]","1"
"PANGAEA.771912","[29]","1"
"PANGAEA.846975","[27]","1"
"PANGAEA.733912","[15]","1"
"PANGAEA.860281","[27]","1"
"PANGAEA.924610","[8]","1"
"PANGAEA.744887","[26]","1"
"PANGAEA.774584","[26]","1"
"PANGAEA.774577","[26]","1"
"PANGAEA.774581","[26]","1"
"PANGAEA.774587","[26]","1"
"PANGAEA.846485","[9]","1"
"PANGAEA.846484","[8.0]","1"
"PANGAEA.779702","[15]","1"
"PANGAEA.779701","[15]","1"
"PANGAEA.840328","[27]","1"
"PANGAEA.777430","[26]","1"
"PANGAEA.929270","[21.0]","1"
"PANGAEA.861820","[26]","1"
"PANGAEA.778475","[26]","1"
"PANGAEA.874781","[26]","1"
"PANGAEA.835715","[26]","1"
"PANGAEA.867566","[15]","1"
"PANGAEA.906572","[29]","1"
"PANGAEA.736024","[15]","1"
"PANGAEA.913812","[8]","1"
"PANGAEA.771293","[9]","1"
"PANGAEA.823110","[27]","1"
"PANGAEA.873376","[26]","1"
"PANGAEA.922459","[21]","1"
"PANGAEA.833669","[26.0]","1"
"PANGAEA.778469","[15]","1"
"PANGAEA.769749","[27]","1"
"PANGAEA.892370","[8]","1"
"PANGAEA.849339","[15]","1"
"PANGAEA.919851","[8]","1"
"PANGAEA.833713","[26]","1"
"PANGAEA.889140","[29]","1"
"PANGAEA.851339","[27]","1"
"PANGAEA.917678","[15]","1"
"PANGAEA.777431","[26]","1"
"PANGAEA.873652","[26.0]","1"
"PANGAEA.907178","[29.0]","1"
"PANGAEA.835334","[26, 8]","2"
"PANGAEA.847792","[27]","1"
"PANGAEA.875114","[15]","1"
"PANGAEA.919773","[15.0]","1"
"PANGAEA.869122","[8.0]","1"
"PANGAEA.836733","[26.0]","1"
"PANGAEA.823381","[27]","1"
"PANGAEA.848379","[26]","1"
"PANGAEA.824406","[26]","1"
"PANGAEA.885410","[9.0]","1"
"PANGAEA.726883","[15]","1"
"PANGAEA.778432","[26]","1"
"PANGAEA.763286","[8]","1"
"PANGAEA.888942","[29]","1"
"PANGAEA.834555","[27]","1"
"PANGAEA.929551","[8.0]","1"
"PANGAEA.826461","[27]","1"
"PANGAEA.756687","[26.0]","1"
"PANGAEA.830804","[15]","1"
"PANGAEA.830627","[9]","1"
"PANGAEA.901387","[27]","1"
"PANGAEA.823376","[8]","1"
"PANGAEA.887739","[15]","1"
"PANGAEA.937532","[27.0]","1"
"PANGAEA.913498","[15.0]","1"
"PANGAEA.834251","[15]","1"
"PANGAEA.834556","[26]","1"
"PANGAEA.718182","[27]","1"
"PANGAEA.718214","[27.0]","1"
"PANGAEA.858970","[26]","1"
"PANGAEA.849257","[27.0]","1"
"PANGAEA.932293","[8.0]","1"
"PANGAEA.903329","[27]","1"
"PANGAEA.891195","[8]","1"
"PANGAEA.846058","[15.0]","1"
"PANGAEA.833852","[15]","1"
"PANGAEA.774802","[29]","1"
"PANGAEA.838830","[8]","1"
"PANGAEA.911407","[8]","1"
"PANGAEA.860217","[9]","1"
"PANGAEA.868779","[26.0]","1"
"PANGAEA.861255","[8]","1"
"PANGAEA.832482","[15]","1"
"PANGAEA.901064","[8]","1"
"PANGAEA.901177","[8]","1"
"PANGAEA.901172","[8]","1"
"PANGAEA.901176","[8]","1"
"PANGAEA.905746","[8]","1"
"PANGAEA.899830","[8]","1"
"PANGAEA.899831","[8]","1"
"PANGAEA.899584","[8]","1"
"PANGAEA.922982","[26]","1"
"PANGAEA.869124","[15.0]","1"
"PANGAEA.773790","[26]","1"
"PANGAEA.846688","[26.0]","1"
"PANGAEA.912222","[8]","1"
"PANGAEA.771295","[15]","1"
"PANGAEA.873189","[15.0]","1"
"PANGAEA.934173","[25]","1"
"PANGAEA.862531","[8]","1"
"PANGAEA.820200","[15]","1"
"PANGAEA.925914","[26.0]","1"
"PANGAEA.844092","[9]","1"
"PANGAEA.864039","[15]","1"
"PANGAEA.914796","[8]","1"
"PANGAEA.833900","[15]","1"
"PANGAEA.869319","[8]","1"
"PANGAEA.930056","[8.0]","1"
"PANGAEA.890223","[27.0]","1"
"PANGAEA.890719","[15.0]","1"
"PANGAEA.875540","[26]","1"
"PANGAEA.892892","[26]","1"
"PANGAEA.838938","[26]","1"
"PANGAEA.848775","[26.0]","1"
"PANGAEA.925655","[8]","1"
"PANGAEA.773863","[8]","1"
"PANGAEA.875937","[8.0]","1"
"PANGAEA.821402","[9, 27]","2"
"PANGAEA.889750","[26.0]","1"
"PANGAEA.925711","[8]","1"
"PANGAEA.721740","[15]","1"
"PANGAEA.875000","[26]","1"
"PANGAEA.860772","[26]","1"
"PANGAEA.872395","[26]","1"
"PANGAEA.833687","[8]","1"
"PANGAEA.861734","[8]","1"
"PANGAEA.909655","[26]","1"
"PANGAEA.860225","[15.0]","1"
"PANGAEA.836666","[27]","1"
"PANGAEA.835120","[26]","1"
"PANGAEA.877806","[8]","1"
"PANGAEA.848012","[27.0]","1"
"PANGAEA.921189","[8]","1"
"PANGAEA.820339","[25]","1"
"PANGAEA.848123","[26]","1"
"PANGAEA.721923","[15]","1"
"PANGAEA.860615","[8]","1"
"PANGAEA.823111","[26]","1"
"PANGAEA.833683","[15]","1"
"PANGAEA.716837","[27]","1"
"PANGAEA.848419","[27]","1"
"PANGAEA.900086","[26]","1"
"PANGAEA.922244","[9]","1"
"PANGAEA.930400","[26]","1"
"PANGAEA.837671","[8]","1"
"PANGAEA.874744","[26]","1"
"PANGAEA.833259","[8]","1"
"PANGAEA.930799","[8.0]","1"
"PANGAEA.859434","[8]","1"
"PANGAEA.758715","[26.0]","1"
"PANGAEA.892654","[8]","1"
"PANGAEA.833403","[26]","1"
"PANGAEA.835109","[15.0]","1"
"PANGAEA.930065","[15]","1"
"PANGAEA.763289","[27]","1"
"PANGAEA.755150","[15]","1"
"PANGAEA.914522","[26]","1"
"PANGAEA.823078","[29]","1"
"PANGAEA.859433","[29.0]","1"
"PANGAEA.838925","[26]","1"
"PANGAEA.887768","[26]","1"
"PANGAEA.919526","[26]","1"
"PANGAEA.721138","[29]","1"
"PANGAEA.890965","[26]","1"
"PANGAEA.733940","[15.0]","1"
"PANGAEA.925263","[15.0]","1"
"PANGAEA.847764","[28]","1"
"PANGAEA.834243","[8.0]","1"
"PANGAEA.923743","[8]","1"
"PANGAEA.918545","[8.0]","1"
"PANGAEA.926679","[15, 9, 8]","3"
"PANGAEA.833881","[26]","1"
"PANGAEA.914371","[26]","1"
"PANGAEA.923860","[9]","1"
"PANGAEA.758073","[15]","1"
"PANGAEA.907768","[8]","1"
"PANGAEA.835576","[8.0]","1"
"PANGAEA.923999","[9]","1"
"PANGAEA.833328","[8]","1"
"PANGAEA.859393","[27]","1"
"PANGAEA.867446","[26]","1"
"PANGAEA.833970","[26]","1"
"PANGAEA.914200","[15]","1"
"PANGAEA.835476","[9]","1"
"PANGAEA.909706","[8]","1"
"PANGAEA.875891","[15]","1"
"PANGAEA.919252","[15]","1"
"PANGAEA.875095","[26]","1"
"PANGAEA.779926","[15]","1"
"PANGAEA.922819","[27]","1"
"PANGAEA.923155","[8]","1"
"PANGAEA.893356","[26]","1"
"PANGAEA.883315","[26]","1"
"PANGAEA.922978","[8]","1"
"PANGAEA.834266","[15]","1"
"PANGAEA.861987","[8]","1"
"PANGAEA.926042","[8]","1"
"PANGAEA.823320","[8]","1"
"PANGAEA.919708","[8]","1"
"PANGAEA.923815","[15]","1"
"PANGAEA.847833","[24]","1"
"PANGAEA.870468","[9]","1"
"PANGAEA.823580","[8]","1"
"PANGAEA.861382","[26]","1"
"PANGAEA.887583","[26]","1"
"PANGAEA.914668","[26]","1"
"PANGAEA.873048","[26.0]","1"
"PANGAEA.934128","[26.0]","1"
"PANGAEA.840649","[8]","1"
"PANGAEA.847223","[9.0]","1"
"PANGAEA.890582","[26]","1"
"PANGAEA.931669","[26]","1"
"PANGAEA.872396","[8]","1"
"PANGAEA.859080","[24]","1"
"PANGAEA.833805","[8.0]","1"
"PANGAEA.903546","[26]","1"
"PANGAEA.868352","[26]","1"
"PANGAEA.913206","[8]","1"
"PANGAEA.831099","[26]","1"
"PANGAEA.875583","[15]","1"
"PANGAEA.846875","[8]","1"
"PANGAEA.912775","[9.0]","1"
"PANGAEA.833621","[15, 26]","2"
"PANGAEA.727744","[26]","1"
"PANGAEA.925290","[24.0]","1"
"PANGAEA.771571","[8]","1"
"PANGAEA.831728","[26.0]","1"
"PANGAEA.926955","[15.0]","1"
"PANGAEA.820556","[27]","1"
"PANGAEA.833887","[26]","1"
"PANGAEA.901015","[9.0]","1"
"PANGAEA.758189","[26]","1"
"PANGAEA.767584","[26]","1"
"PANGAEA.831181","[27]","1"
"PANGAEA.836205","[15]","1"
"PANGAEA.934044","[8]","1"
"PANGAEA.891559","[8]","1"
"PANGAEA.907767","[26.0]","1"
"PANGAEA.878048","[15]","1"
"PANGAEA.847831","[8]","1"
"PANGAEA.867324","[15]","1"
"PANGAEA.924521","[26]","1"
"PANGAEA.891437","[27.0]","1"
"PANGAEA.864044","[8.0]","1"
"PANGAEA.873542","[15]","1"
"PANGAEA.920872","[15.0]","1"
"PANGAEA.834419","[15]","1"
"PANGAEA.847480","[8]","1"
"PANGAEA.824706","[9]","1"
"PANGAEA.891026","[8.0]","1"
"PANGAEA.835574","[26.0]","1"
"PANGAEA.892815","[29]","1"
"PANGAEA.930007","[8]","1"
"PANGAEA.839180","[8]","1"
"PANGAEA.756661","[9]","1"
"PANGAEA.933733","[15.0]","1"
"PANGAEA.868094","[8]","1"
"PANGAEA.867480","[15]","1"
"PANGAEA.901801","[15.0]","1"
"PANGAEA.929859","[26.0]","1"
"PANGAEA.907717","[8]","1"
"PANGAEA.907988","[26.0]","1"
"PANGAEA.830119","[8]","1"
"PANGAEA.825107","[26]","1"
"PANGAEA.932793","[15]","1"
"PANGAEA.872478","[15.0]","1"
"PANGAEA.912484","[26]","1"
"PANGAEA.853572","[8]","1"
"PANGAEA.868601","[24]","1"
"PANGAEA.884091","[15]","1"
"PANGAEA.925182","[15.0]","1"
"PANGAEA.836888","[8.0]","1"
"PANGAEA.820312","[8]","1"
"PANGAEA.737475","[8.0]","1"
"PANGAEA.928950","[26]","1"
"PANGAEA.737412","[26]","1"
"PANGAEA.902309","[24.0]","1"
"PANGAEA.926819","[26]","1"
"PANGAEA.922248","[8]","1"
"PANGAEA.721890","[15]","1"
"PANGAEA.931777","[9]","1"
"PANGAEA.915978","[8]","1"
"PANGAEA.911818","[8]","1"
"PANGAEA.868353","[8]","1"
"PANGAEA.874743","[15]","1"
"PANGAEA.910338","[8]","1"
"PANGAEA.830590","[27]","1"
"PANGAEA.893397","[26.0]","1"
"PANGAEA.914045","[8]","1"
"PANGAEA.839068","[26]","1"
"PANGAEA.848085","[26]","1"
"PANGAEA.846699","[8]","1"
"PANGAEA.838003","[8]","1"
"PANGAEA.847763","[8]","1"
"PANGAEA.861876","[15]","1"
"PANGAEA.931962","[8]","1"
"PANGAEA.831770","[26]","1"
"PANGAEA.920548","[8.0]","1"
"PANGAEA.920660","[8]","1"
"PANGAEA.867493","[15]","1"
"PANGAEA.913183","[15]","1"
"PANGAEA.879821","[29]","1"
"PANGAEA.861373","[26]","1"
"PANGAEA.867130","[29]","1"
"PANGAEA.774449","[26]","1"
"PANGAEA.864448","[26]","1"
"PANGAEA.830063","[15.0]","1"
"PANGAEA.835309","[26]","1"
"PANGAEA.831100","[15]","1"
"PANGAEA.861965","[15]","1"
"PANGAEA.833844","[15]","1"
"PANGAEA.884673","[27]","1"
"PANGAEA.821559","[15]","1"
"PANGAEA.841041","[26]","1"
"PANGAEA.911397","[26]","1"
"PANGAEA.848714","[26]","1"
"PANGAEA.824707","[15]","1"
"PANGAEA.911746","[26.0]","1"
"PANGAEA.849300","[15]","1"
"PANGAEA.758181","[26.0]","1"
"PANGAEA.836007","[8]","1"
"PANGAEA.930934","[27]","1"
"PANGAEA.875650","[26]","1"
"PANGAEA.767586","[26.0]","1"
"PANGAEA.763297","[15.0]","1"
"PANGAEA.848083","[26]","1"
"PANGAEA.831372","[9]","1"
"PANGAEA.870757","[8]","1"
"PANGAEA.833685","[15.0]","1"
"PANGAEA.868737","[8]","1"
"PANGAEA.892312","[9]","1"
"PANGAEA.901808","[8.0]","1"
"PANGAEA.932878","[26]","1"
"PANGAEA.912287","[27]","1"
"PANGAEA.925337","[26]","1"
"PANGAEA.892594","[8.0]","1"
"PANGAEA.880242","[8.0]","1"
"PANGAEA.829880","[26.0]","1"
"PANGAEA.933580","[8]","1"
"PANGAEA.770091","[8]","1"
"PANGAEA.925605","[8]","1"
"PANGAEA.920009","[15]","1"
"PANGAEA.926048","[26]","1"
"PANGAEA.908818","[15]","1"
"PANGAEA.860506","[26]","1"
"PANGAEA.873540","[26]","1"
"PANGAEA.832834","[8]","1"
"PANGAEA.924295","[9.0]","1"
"PANGAEA.929201","[26]","1"
"PANGAEA.833005","[8]","1"
"PANGAEA.869417","[15]","1"
"PANGAEA.837683","[24]","1"
"PANGAEA.830716","[8]","1"
"PANGAEA.833429","[15]","1"
"PANGAEA.774445","[8]","1"
"PANGAEA.823079","[26]","1"
"PANGAEA.924889","[8]","1"
"PANGAEA.902985","[8]","1"
"PANGAEA.833402","[8]","1"
"PANGAEA.834142","[15]","1"
"PANGAEA.721194","[15]","1"
"PANGAEA.880301","[8.0]","1"
"PANGAEA.770071","[26]","1"
"PANGAEA.824407","[26]","1"
"PANGAEA.888184","[26]","1"
"PANGAEA.846530","[26]","1"
"PANGAEA.826460","[8]","1"
"PANGAEA.927308","[8.0]","1"
"PANGAEA.860871","[26]","1"
"PANGAEA.868507","[26]","1"
"PANGAEA.838990","[27]","1"
"PANGAEA.846682","[8]","1"
"PANGAEA.844880","[8]","1"
"PANGAEA.911619","[8]","1"
"PANGAEA.859567","[29]","1"
"PANGAEA.867517","[26]","1"
"PANGAEA.891632","[26]","1"
"PANGAEA.929930","[8]","1"
"PANGAEA.924724","[29]","1"
"PANGAEA.770474","[15]","1"
"PANGAEA.872084","[26]","1"
"PANGAEA.831772","[9.0]","1"
"PANGAEA.875001","[26.0]","1"
"PANGAEA.859062","[15]","1"
"PANGAEA.825092","[15]","1"
"PANGAEA.869572","[26]","1"
"PANGAEA.831352","[26]","1"
"PANGAEA.890145","[8]","1"
"PANGAEA.930754","[29]","1"
"PANGAEA.744864","[15]","1"
"PANGAEA.771573","[8]","1"
"PANGAEA.833188","[26]","1"
"PANGAEA.733947","[26]","1"
"PANGAEA.837593","[27]","1"
"PANGAEA.836847","[9]","1"
"PANGAEA.837325","[24]","1"
"PANGAEA.756660","[8.0]","1"
"PANGAEA.848011","[26]","1"
"PANGAEA.860508","[8]","1"
"PANGAEA.860558","[15]","1"
"PANGAEA.869471","[26.0]","1"
"PANGAEA.912486","[8]","1"
"PANGAEA.849254","[26.0]","1"
"PANGAEA.886887","[9]","1"
"PANGAEA.823746","[8.0]","1"
"PANGAEA.833973","[8]","1"
"PANGAEA.907954","[26]","1"
"PANGAEA.931943","[8.0]","1"
"PANGAEA.917797","[8]","1"
"PANGAEA.726856","[8.0]","1"
"PANGAEA.836066","[8]","1"
"PANGAEA.914329","[9]","1"
"PANGAEA.881077","[8.0]","1"
"PANGAEA.758702","[8.0]","1"
"PANGAEA.873309","[26]","1"
"PANGAEA.914821","[8]","1"
"PANGAEA.912280","[9]","1"
"PANGAEA.830261","[24]","1"
"PANGAEA.924379","[8]","1"
"PANGAEA.771908","[15]","1"
"PANGAEA.767583","[27]","1"
"PANGAEA.925216","[24]","1"
"PANGAEA.846343","[15.0]","1"
"PANGAEA.868434","[8]","1"
"PANGAEA.779705","[26]","1"
"PANGAEA.830183","[8.0]","1"
"PANGAEA.932616","[8]","1"
"PANGAEA.913488","[15]","1"
"PANGAEA.912683","[9]","1"
"PANGAEA.756651","[23]","1"
"PANGAEA.830802","[8]","1"
"PANGAEA.922198","[27]","1"
"PANGAEA.918084","[15.0, 8.0]","2"
"PANGAEA.779704","[26]","1"
"PANGAEA.867268","[8]","1"
"PANGAEA.821644","[8]","1"
"PANGAEA.922676","[8]","1"
"PANGAEA.859435","[26]","1"
"PANGAEA.914662","[26]","1"
"PANGAEA.924886","[8]","1"
"PANGAEA.875934","[15]","1"
"PANGAEA.835714","[8]","1"
"PANGAEA.906198","[8]","1"
"PANGAEA.926044","[26]","1"
"PANGAEA.772712","[8]","1"
"PANGAEA.847720","[26.0]","1"
"PANGAEA.929674","[8]","1"
"PANGAEA.878254","[15]","1"
"PANGAEA.823445","[26]","1"
"PANGAEA.838936","[15]","1"
"PANGAEA.891261","[8.0]","1"
"PANGAEA.717963","[4]","1"
"PANGAEA.924918","[8]","1"
"PANGAEA.875706","[15]","1"
"PANGAEA.838004","[15]","1"
"PANGAEA.869292","[8]","1"
"PANGAEA.868889","[8]","1"
"PANGAEA.848122","[26]","1"
"PANGAEA.737438","[27.0]","1"
"PANGAEA.729055","[8]","1"
"PANGAEA.847397","[8.0]","1"
"PANGAEA.847986","[8.0]","1"
"PANGAEA.836732","[26]","1"
"PANGAEA.900280","[9.0]","1"
"PANGAEA.925454","[8]","1"
"PANGAEA.836664","[26.0]","1"
"PANGAEA.839190","[8]","1"
"PANGAEA.930005","[21]","1"
"PANGAEA.875041","[8]","1"
"PANGAEA.834573","[9]","1"
"PANGAEA.836013","[8]","1"
"PANGAEA.835969","[8.0]","1"
"PANGAEA.835967","[8.0]","1"
"PANGAEA.900202","[26]","1"
"PANGAEA.777433","[8]","1"
"PANGAEA.930727","[26.0]","1"
"PANGAEA.835629","[8.0]","1"
"PANGAEA.925983","[8]","1"
"PANGAEA.825091","[15]","1"
"PANGAEA.908459","[26]","1"
"PANGAEA.848673","[15.0]","1"
"PANGAEA.849392","[24]","1"
"PANGAEA.867506","[15]","1"
"PANGAEA.830639","[8]","1"
"PANGAEA.830598","[15.0]","1"
"PANGAEA.864505","[24]","1"
"PANGAEA.925450","[8]","1"
"PANGAEA.833257","[9]","1"
"PANGAEA.847228","[27]","1"
"PANGAEA.859317","[24]","1"
"PANGAEA.911496","[8]","1"
"PANGAEA.880156","[8]","1"
"PANGAEA.913046","[8.0]","1"
"PANGAEA.830908","[15]","1"
"PANGAEA.907953","[15]","1"
"PANGAEA.853608","[15]","1"
"PANGAEA.923973","[26]","1"
"PANGAEA.837880","[26.0]","1"
"PANGAEA.861875","[8]","1"
"PANGAEA.907313","[15.0]","1"
"PANGAEA.820375","[8]","1"
"PANGAEA.838493","[15.0]","1"
"PANGAEA.875342","[26]","1"
"PANGAEA.908297","[26.0]","1"
"PANGAEA.923861","[8]","1"
"PANGAEA.824408","[26]","1"
"PANGAEA.860316","[8]","1"
"PANGAEA.770067","[8]","1"
"PANGAEA.930939","[15]","1"
"PANGAEA.774447","[26]","1"
"PANGAEA.833612","[27]","1"
"PANGAEA.847446","[8.0]","1"
"PANGAEA.911497","[8]","1"
"PANGAEA.757991","[29]","1"
"PANGAEA.831430","[26]","1"
"PANGAEA.914250","[15]","1"
"PANGAEA.823460","[26]","1"
"PANGAEA.831428","[9]","1"
"PANGAEA.860435","[26]","1"
"PANGAEA.823462","[8]","1"
"PANGAEA.861841","[8.0]","1"
"PANGAEA.925549","[8.0]","1"
"PANGAEA.778472","[15]","1"
"PANGAEA.727288","[15]","1"
"PANGAEA.849402","[9]","1"
"PANGAEA.830526","[29]","1"
"PANGAEA.824663","[27]","1"
"PANGAEA.861380","[8]","1"
"PANGAEA.758215","[27]","1"
"PANGAEA.771288","[9]","1"
"PANGAEA.873049","[9.0]","1"
"PANGAEA.914922","[8.0]","1"
"PANGAEA.770096","[26]","1"
"PANGAEA.770101","[26]","1"
"PANGAEA.923623","[8.0]","1"
"PANGAEA.824705","[26]","1"
"PANGAEA.716818","[15]","1"
"PANGAEA.907928","[15]","1"
"PANGAEA.937216","[26]","1"
"PANGAEA.837755","[15.0]","1"
"PANGAEA.835394","[15.0]","1"
"PANGAEA.901388","[15]","1"
"PANGAEA.835475","[27]","1"
"PANGAEA.762350","[15]","1"
"PANGAEA.770055","[15.0]","1"
"PANGAEA.835431","[27.0]","1"
"PANGAEA.721775","[15]","1"
"PANGAEA.869470","[26]","1"
"PANGAEA.820681","[26]","1"
"PANGAEA.744738","[21]","1"
"PANGAEA.837464","[15.0]","1"
"PANGAEA.718841","[15]","1"
"PANGAEA.833817","[26]","1"
"PANGAEA.924611","[15]","1"
"PANGAEA.872957","[9.0]","1"
"PANGAEA.845541","[15.0]","1"
"PANGAEA.761910","[15, 8]","2"
"PANGAEA.899869","[9.0]","1"
"PANGAEA.867319","[21.0]","1"
"PANGAEA.830475","[9.0]","1"
"PANGAEA.837678","[26]","1"
"PANGAEA.892795","[26]","1"
"PANGAEA.824665","[27]","1"
"PANGAEA.875042","[8.0]","1"
"PANGAEA.924794","[26]","1"
"PANGAEA.932009","[8.0]","1"
"PANGAEA.861851","[2.0]","1"
"PANGAEA.718850","[21]","1"
"PANGAEA.721762","[26]","1"
"PANGAEA.832340","[21]","1"
"PANGAEA.823383","[27]","1"
"PANGAEA.736022","[15.0]","1"
"PANGAEA.823378","[15]","1"
"PANGAEA.847795","[8]","1"
"PANGAEA.914234","[21.0]","1"
"PANGAEA.833061","[15.0]","1"
"PANGAEA.922470","[9]","1"
"PANGAEA.758212","[27]","1"
"PANGAEA.930555","[8]","1"
"PANGAEA.918952","[29]","1"
"PANGAEA.767576","[15.0, 8.0]","2"
"PANGAEA.868435","[8]","1"
"PANGAEA.773860","[8]","1"
"PANGAEA.845818","[26]","1"
"PANGAEA.771910","[15]","1"
"PANGAEA.758214","[27]","1"
"PANGAEA.923884","[8]","1"
"PANGAEA.777419","[15.0]","1"
"PANGAEA.909063","[15]","1"
"PANGAEA.913444","[27]","1"
"PANGAEA.880576","[26]","1"
"PANGAEA.823153","[15]","1"
"PANGAEA.920033","[27]","1"
"PANGAEA.824065","[15]","1"
"PANGAEA.924887","[26]","1"
"PANGAEA.733948","[15]","1"
"PANGAEA.923683","[29.0]","1"
"PANGAEA.821994","[29.0]","1"
"PANGAEA.859316","[15.0]","1"
"PANGAEA.920269","[8]","1"
"PANGAEA.928761","[8]","1"
"PANGAEA.868682","[27]","1"
"PANGAEA.920020","[8.0]","1"
"PANGAEA.890688","[9.0]","1"
"PANGAEA.900658","[26]","1"
"PANGAEA.861737","[27]","1"
"PANGAEA.869831","[25.0]","1"
"PANGAEA.914654","[8]","1"
"PANGAEA.925990","[8]","1"
"PANGAEA.873832","[8]","1"
"PANGAEA.873831","[8.0]","1"
"PANGAEA.873825","[8]","1"
"PANGAEA.873829","[8]","1"
"PANGAEA.873836","[8.0]","1"
"PANGAEA.873802","[8]","1"
"PANGAEA.873830","[8]","1"
"PANGAEA.873827","[8]","1"
"PANGAEA.873826","[8]","1"
"PANGAEA.821019","[9.0]","1"
"PANGAEA.860293","[27.0]","1"
"PANGAEA.825090","[8.0]","1"
"PANGAEA.774430","[26]","1"
"PANGAEA.860218","[9.0]","1"
"PANGAEA.877951","[27]","1"
"PANGAEA.847832","[27.0]","1"
"PANGAEA.922070","[27.0]","1"
"PANGAEA.761915","[29]","1"
"PANGAEA.763336","[26.0]","1"
"PANGAEA.876121","[9]","1"
"PANGAEA.778439","[26, 15]","2"
"PANGAEA.864952","[15.0]","1"
"PANGAEA.867382","[26.0]","1"
"PANGAEA.869487","[15.0]","1"
"PANGAEA.829723","[15.0, 9.0]","2"
"PANGAEA.833111","[27.0]","1"
"PANGAEA.848599","[27.0]","1"
"PANGAEA.779697","[27.0]","1"
"PANGAEA.869473","[15.0]","1"
"PANGAEA.832422","[8.0]","1"
"PANGAEA.834202","[8]","1"
"PANGAEA.934302","[8.0]","1"
"PANGAEA.925187","[8]","1"
"PANGAEA.778503","[27]","1"
"PANGAEA.892416","[26]","1"
"PANGAEA.834091","[9.0]","1"
"PANGAEA.842713","[15]","1"
"PANGAEA.833060","[15]","1"
"PANGAEA.842570","[15]","1"
"PANGAEA.761761","[26]","1"
"PANGAEA.830128","[21.0]","1"
"PANGAEA.833670","[15]","1"
"PANGAEA.831423","[15]","1"
"PANGAEA.929951","[9]","1"
"PANGAEA.752267","[26]","1"
"PANGAEA.930756","[8]","1"
"PANGAEA.722837","[24]","1"
"PANGAEA.888447","[15]","1"
"PANGAEA.758071","[9.0]","1"
"PANGAEA.846949","[28]","1"
"PANGAEA.833716","[15]","1"
"PANGAEA.823109","[27.0]","1"
"PANGAEA.825021","[9]","1"
"PANGAEA.835499","[26]","1"
"PANGAEA.867479","[26]","1"
"PANGAEA.909062","[8]","1"
"PANGAEA.835645","[8]","1"
"PANGAEA.834079","[15.0]","1"
"PANGAEA.934135","[15]","1"
"PANGAEA.881171","[15]","1"
"PANGAEA.888813","[15.0]","1"
"PANGAEA.831668","[26]","1"
"PANGAEA.832403","[15.0]","1"
"PANGAEA.918128","[24]","1"
"PANGAEA.862591","[8]","1"
"PANGAEA.721997","[26]","1"
"PANGAEA.718862","[24]","1"
"PANGAEA.718858","[24]","1"
"PANGAEA.763908","[8.0]","1"
"PANGAEA.763906","[26.0]","1"
"PANGAEA.763905","[8]","1"
"PANGAEA.778449","[29.0]","1"
"PANGAEA.778451","[29]","1"
"PANGAEA.778453","[29]","1"
"PANGAEA.778454","[29]","1"
"PANGAEA.778448","[29.0, 15.0]","2"
"PANGAEA.778450","[29.0]","1"
"PANGAEA.778455","[29]","1"
"PANGAEA.860454","[26]","1"
"PANGAEA.721964","[8]","1"
"PANGAEA.831207","[8.0]","1"
"PANGAEA.825020","[8.0]","1"
"PANGAEA.836111","[27.0]","1"
"PANGAEA.758194","[26]","1"
"PANGAEA.837515","[15.0]","1"
"PANGAEA.770070","[15]","1"
"PANGAEA.931628","[8.0]","1"
"PANGAEA.778465","[15]","1"
"PANGAEA.778461","[15]","1"
"PANGAEA.778464","[15]","1"
"PANGAEA.868590","[26]","1"
"PANGAEA.868591","[26]","1"
"PANGAEA.868592","[26]","1"
"PANGAEA.779698","[15]","1"
"PANGAEA.721888","[15]","1"
"PANGAEA.868432","[26]","1"
"PANGAEA.868401","[15]","1"
"PANGAEA.777717","[8]","1"
"PANGAEA.777721","[8]","1"
"PANGAEA.777718","[8]","1"
"PANGAEA.777720","[8]","1"
"PANGAEA.777719","[8]","1"
"PANGAEA.777723","[8]","1"
"PANGAEA.867567","[9.0]","1"
"PANGAEA.924457","[9.0]","1"
"PANGAEA.931402","[15.0]","1"
"PANGAEA.930305","[26]","1"
"PANGAEA.863127","[15]","1"
"PANGAEA.930309","[26]","1"
"PANGAEA.836912","[26.0]","1"
"PANGAEA.829883","[26]","1"
"PANGAEA.718103","[15]","1"
"PANGAEA.919895","[15.0]","1"
"PANGAEA.937391","[9]","1"
"PANGAEA.933051","[15]","1"
"PANGAEA.884090","[15.0]","1"
"PANGAEA.830713","[8]","1"
"PANGAEA.937477","[26]","1"
