Category,Keywords
Geographical location,Antarctic
Geographical location,Arctic
Geographical location,Baltic Sea
Geographical location,Black Sea
Geographical location,Indian Ocean
Geographical location,Mediterranean Sea
Geographical location,North Atlantic
Geographical location,North Pacific
Geographical location,Not applicable
Geographical location,Red Sea
Geographical location,South Atlantic
Geographical location,South Pacific
Incubation type,Bottles or small containers/Aquaria (<20 L)
Incubation type,Containers and aquaria (20-1000 L or < 1 m**2)
Incubation type,Mesocosm or benthocosm
Latitudinal location,Polar
Latitudinal location,Temperate
Latitudinal location,Tropical
Living compartment,Benthos
Living compartment,Pelagos
Marine habitat,Brackish waters
Marine habitat,Coast and continental shelf
Marine habitat,Deep-sea
Marine habitat,Laboratory strains
Marine habitat,Open ocean
Multiple stressors,Inorganic toxins
Multiple stressors,Light
Multiple stressors,Macro-nutrients
Multiple stressors,Micro-nutrients
Multiple stressors,Organic toxins
Multiple stressors,Other
Multiple stressors,Oxygen
Multiple stressors,Salinity
Multiple stressors,Temperature
OA Natural analog,CO2 vent
OA Natural analog,Estuary
OA Natural analog,Upwelling
Studied parameter or process,Acid-base regulation
Studied parameter or process,Behaviour
Studied parameter or process,Biomass/Abundance/Elemental composition
Studied parameter or process,Calcification/Dissolution
Studied parameter or process,Community composition and diversity
Studied parameter or process,Development
Studied parameter or process,Gene expression (incl. proteomics)
Studied parameter or process,Growth/Morphology
Studied parameter or process,Immunology/Self-protection
Studied parameter or process,Mortality/Survival
Studied parameter or process,Other metabolic rates
Studied parameter or process,Other studied parameter or process
Studied parameter or process,Primary production/Photosynthesis
Studied parameter or process,Reproduction
Studied parameter or process,Respiration
Study focus,Entire community
Study focus,Single species
Study focus,Species interaction
Targeted group,Benthic animals
Targeted group,Heterotrophic prokaryotes
Targeted group,Macroalgae
Targeted group,Microphytobenthos
Targeted group,Nekton
Targeted group,Phytoplankton
Targeted group,Seagrass
Targeted group,Zooplankton
Targeted kingdom,Animalia
Targeted kingdom,Archaea
Targeted kingdom,Bacteria
Targeted kingdom,Chromista
Targeted kingdom,Fungi
Targeted kingdom,Plantae
Targeted kingdom,Protozoa
Targeted kingdom,Virus
Targeted phylum,Annelida
Targeted phylum,Arthropoda
Targeted phylum,Brachiopoda
Targeted phylum,Bryozoa
Targeted phylum,Charophyta
Targeted phylum,Chlorophyta
Targeted phylum,Chordata
Targeted phylum,Cnidaria
Targeted phylum,Ctenophora
Targeted phylum,Cyanobacteria
Targeted phylum,Echinodermata
Targeted phylum,Foraminifera
Targeted phylum,Haptophyta
Targeted phylum,Mollusca
Targeted phylum,Myzozoa
Targeted phylum,Nematoda
Targeted phylum,Ochrophyta
Targeted phylum,Phaeophyta
Targeted phylum,Platyhelminthes
Targeted phylum,Porifera
Targeted phylum,Proteobacteria
Targeted phylum,Rhodophyta
Targeted phylum,Tracheophyta
Targeted phylum,Xenacoelomorpha
Targeted species,Abatus cavernosus
Targeted species,Abra alba
Targeted species,Abra nitida
Targeted species,Abra prismatica
Targeted species,Abra tenuis
Targeted species,Acanthaster planci
Targeted species,Acanthochromis polyacanthus
Targeted species,Acanthopagrus schlegelii
Targeted species,Acanthophora spicifera
Targeted species,Acartia bifilosa
Targeted species,Acartia clausi
Targeted species,Acartia grani
Targeted species,Acartia hudsonica
Targeted species,Acartia sp.
Targeted species,Acartia tonsa
Targeted species,Acetabularia acetabulum
Targeted species,Acinetospora crinita
Targeted species,Acipenser baerii
Targeted species,Acropora cerealis
Targeted species,Acropora cervicornis
Targeted species,Acropora digitifera
Targeted species,Acropora eurystoma
Targeted species,Acropora formosa
Targeted species,Acropora horrida
Targeted species,Acropora hyacinthus
Targeted species,Acropora intermedia
Targeted species,Acropora millepora
Targeted species,Acropora muricata
Targeted species,Acropora palmata
Targeted species,Acropora pulchra
Targeted species,Acropora sp.
Targeted species,Acropora spicifera
Targeted species,Acropora tenuis
Targeted species,Acropora verweyi
Targeted species,Acropora yongei
Targeted species,Acrosorium ciliolatum
Targeted species,Acteon tornatilis
Targeted species,Adamussium colbecki
Targeted species,Adelosina longirostra
Targeted species,Affinetrina gualtieriana
Targeted species,Agardhiella subulata
Targeted species,Agaricia agaricites
Targeted species,Aglaothamnion byssoides
Targeted species,Aiptasia pulchella
Targeted species,Akashiwo sanguinea
Targeted species,Alaria esculenta
Targeted species,Alcyonidium hirsutum
Targeted species,Alcyonium coralloides
Targeted species,Alexandrium fundyense
Targeted species,Alexandrium ostenfeldii
Targeted species,Alexandrium sp.
Targeted species,Alexandrium tamarense
Targeted species,Alpheus novaezealandiae
Targeted species,Amansia rhodantha
Targeted species,Amblyglyphidodon curacao
Targeted species,Ammonia aomoriensis
Targeted species,Ammonia beccarii
Targeted species,Ammonia sp.
Targeted species,Ammonia tepida
Targeted species,Ammotium cassis
Targeted species,Ampelisca brevicornis
Targeted species,Amphiascoides atopus
Targeted species,Amphibalanus amphitrite
Targeted species,Amphibalanus improvisus
Targeted species,Amphidinium carterae
Targeted species,Amphiglena mediterranea
Targeted species,Amphimonhystera sp.
Targeted species,Amphipneustes lorioli
Targeted species,Amphipneustes rostratus
Targeted species,Amphipneustes similis
Targeted species,Amphiprion melanopus
Targeted species,Amphiprion percula
Targeted species,Amphiprion sebae
Targeted species,Amphiroa anceps
Targeted species,Amphiroa fragilissima
Targeted species,Amphiroa rubra
Targeted species,Amphiroa sp.
Targeted species,Amphiroa tribulus
Targeted species,Amphisorus hemprichii
Targeted species,Amphisorus kudakajimensis
Targeted species,Amphistegina gibbosa
Targeted species,Amphistegina lessonii
Targeted species,Amphistegina radiata
Targeted species,Amphiura filiformis
Targeted species,Amphriprion percula
Targeted species,Anemonia viridis
Targeted species,Anguilla anguilla
Targeted species,Anoplopoma fimbria
Targeted species,Anthocidaris crassispina
Targeted species,Aphanizomenon sp.
Targeted species,Aplysia californica
Targeted species,Aplysia punctata
Targeted species,Apoglossum ruscifolium
Targeted species,Apohyale prevostii
Targeted species,Aporocidaris eltaniana
Targeted species,Apostichopus japonicus
Targeted species,Arachnoides placenta
Targeted species,Arbacia lixula
Targeted species,Arbacia punctulata
Targeted species,Arca inflata Reeve
Targeted species,Archaias angulatus
Targeted species,Arctica islandica
Targeted species,Argopecten irradians
Targeted species,Argopecten purpuratus
Targeted species,Argyrosomus japonicus
Targeted species,Argyrosomus regius
Targeted species,Armorella sphaerica
Targeted species,Arthrocardia corymbosa
Targeted species,Arthrocladia villosa
Targeted species,Asperococcus ensiformis
Targeted species,Asterias rubens
Targeted species,Asterigerina carinata
Targeted species,Asterionella glacialis
Targeted species,Asterionellopsis glacialis
Targeted species,Astrangia poculata
Targeted species,Astroides calycularis
Targeted species,Atherina presbyter
Targeted species,Atractoscion nobilis
Targeted species,Attheya sp.
Targeted species,Atylus swammerdami
Targeted species,Aurelia aurita
Targeted species,Aurelia labiata
Targeted species,Avrainvillea amadelpha
Targeted species,Axinella damicornis
Targeted species,Babylonia japonica
Targeted species,Baculogypsina sphaerulata
Targeted species,Balanophyllia elegans
Targeted species,Balanophyllia europaea
Targeted species,Balanus amphitrite
Targeted species,Balanus amphitriterite
Targeted species,Balanus improvisus
Targeted species,Balliella cladoderma
Targeted species,Bathycoccus sp.
Targeted species,Bathymodiolus brevior
Targeted species,Bathyporeia elegans
Targeted species,Biddulphia biddulphiana
Targeted species,Bittium spp.
Targeted species,Bolivina acuminata
Targeted species,Bolivina acutula
Targeted species,Bolivina argentea
Targeted species,Bolivina pseudoplicata
Targeted species,Bolivina sp.
Targeted species,Bolivina spinosa
Targeted species,Bonnemaisonia clavata
Targeted species,Boreogadus saida
Targeted species,Bossiella orbigniana
Targeted species,Bossiella plumosa
Targeted species,Botryocladia chiajeana
Targeted species,Botryocladia madagascariensis
Targeted species,Brachidontes pharaonis
Targeted species,Brissopsis lyrifera
Targeted species,Bryozoa unidentified
Targeted species,Buccella tenerrima
Targeted species,Bugula neritina
Targeted species,Bugula sp.
Targeted species,Bulimina denudata
Targeted species,Bulimina marginata
Targeted species,Bulimina sp.
Targeted species,Bulla striata
Targeted species,Caberea boryi
Targeted species,Cacospongia mollior
Targeted species,Calanus finmarchicus
Targeted species,Calanus glacialis
Targeted species,Calanus hyperboreus
Targeted species,Calanus pacificus
Targeted species,Calanus spp.
Targeted species,Calcarina gaudichaudii
Targeted species,Calcidiscus leptoporus
Targeted species,Calcidiscus quadriperforatus
Targeted species,Calliarthron tuberculosum
Targeted species,Calliblepharis jubata
Targeted species,Callinectes sapidus
Targeted species,Callophyllis laciniata
Targeted species,Calothrix rhizosoleniae
Targeted species,Calyptraea chinensis
Targeted species,Cancer magister
Targeted species,Cancris auricula
Targeted species,Candida sake
Targeted species,Caprella laeviuscula
Targeted species,Caprella mutica
Targeted species,Caratium lineatum
Targeted species,Carcharhinus melanopterus
Targeted species,Carcinus maenas
Targeted species,Carpomitra costata
Targeted species,Carybdea xaymacana
Targeted species,Caryophyllia smithii
Targeted species,Cassidulina sp.
Targeted species,Caulerpa prolifera
Targeted species,Caulerpa racemosa
Targeted species,Caulerpa serrulata
Targeted species,Cavolinia inflexa
Targeted species,Cellana toreuma
Targeted species,Cellaria salicornioides
Targeted species,Celleporella cornuta
Targeted species,Celleporella hyalina
Targeted species,Centropages tenuiremis
Targeted species,Centropages typicus
Targeted species,Centrostephanus rodgersii
Targeted species,Ceramiaceae unidentified
Targeted species,Ceramium bertholdii
Targeted species,Cerastoderma edule
Targeted species,Cerastoderma glaucum
Targeted species,Cerataulina pelagica
Targeted species,Cerataulina planktonica
Targeted species,Ceratium fusus
Targeted species,Ceratium lineatum
Targeted species,Ceratium spp.
Targeted species,Ceratium tripos
Targeted species,Cerithium vulgatum
Targeted species,Chaetoceros affinis
Targeted species,Chaetoceros criophilus
Targeted species,Chaetoceros curvisetus
Targeted species,Chaetoceros debilis
Targeted species,Chaetoceros muelleri
Targeted species,Chaetoceros spp.
Targeted species,Chamelea gallina
Targeted species,Chara aspera
Targeted species,Chara horrida
Targeted species,Chara tomentosa
Targeted species,Charonia lampas
Targeted species,Cheilodipterus quinquelineatus
Targeted species,Chionoecetes tanneri
Targeted species,Chlamydomonas reinhardtii
Targeted species,Chlorella sp.
Targeted species,Chondrilla nucula
Targeted species,Chondrosia reniformis
Targeted species,Chondrus crispus
Targeted species,Chromis atripectoralis
Targeted species,Chrysophyrs auratus
Targeted species,Chrysymenia ventricosa
Targeted species,Chylocladia verticillata
Targeted species,Ciona intestinalis
Targeted species,Cladocora caespitosa
Targeted species,Cladophora hutchinsiae
Targeted species,Cladophora pellucida
Targeted species,Cladophora sp.
Targeted species,Cladostephus spongiosus
Targeted species,Clathromorphum compactum
Targeted species,Clathromorphum nereostratum
Targeted species,Clathromorphum obtectulum
Targeted species,Cliona celata
Targeted species,Cliona orientalis
Targeted species,Clupea harengus
Targeted species,Coccolithus braarudii
Targeted species,Coccolithus pelagicus
Targeted species,Codium bursa
Targeted species,Codium decorticatum
Targeted species,Coelastrea aspera
Targeted species,Concholepas concholepas
Targeted species,Conus marmoreus
Targeted species,Corallina elongata
Targeted species,Corallina officinalis
Targeted species,Corallina sessilis
Targeted species,Corallina sp.
Targeted species,Corallina vancouveriensis Yendo
Targeted species,Corallium rubrum
Targeted species,Cornuspira involvens
Targeted species,Corynophlaea flaccida
Targeted species,Coryphaena hippurus
Targeted species,Coscinodiscus sp.
Targeted species,Coscinodiscus wailesii
Targeted species,Coturnix coturnix
Targeted species,Crambe crambe
Targeted species,Crambe tailliezi
Targeted species,Crangon crangon
Targeted species,Craspedocarpus ramentaceus
Targeted species,Crassostrea angulata
Targeted species,Crassostrea gigas
Targeted species,Crassostrea hongkongensis
Targeted species,Crassostrea virginica
Targeted species,Crella sp.
Targeted species,Crepidula fornicata
Targeted species,Crisia sp.
Targeted species,Crocosphaera watsonii
Targeted species,Crossaster papposus
Targeted species,Cryptococcus sp.
Targeted species,Cryptonemia lomation
Targeted species,Cryptonemia tuniformis
Targeted species,Cryptophyta
Targeted species,Cryptosula pallasiana
Targeted species,Ctenocidaris gigantea
Targeted species,Ctenolabrus rupestris
Targeted species,Cutleria chilosa
Targeted species,Cutleria monoica
Targeted species,Cyanothece sp.
Targeted species,Cyclina sinensis
Targeted species,Cyclope neritea
Targeted species,Cyclope pellucida
Targeted species,Cylindrotheca closterium
Targeted species,Cylindrotheca fusiformis
Targeted species,Cymodoce truncata
Targeted species,Cymodocea nodosa
Targeted species,Cymodocea serrulata
Targeted species,Cyprinodon variegatus
Targeted species,Cystofilobasidium infirmominiatum
Targeted species,Cystoseira amentacea
Targeted species,Cystoseira barbarta
Targeted species,Cystoseira brachycarpa
Targeted species,Cystoseira compressa
Targeted species,Cystoseira corniculata
Targeted species,Cystoseira crinita
Targeted species,Cystoseira foeniculacea
Targeted species,Cystoseira foeniculata
Targeted species,Cystoseira spinosa
Targeted species,Cystoseira tamariscifolia
Targeted species,Cystoseira zosteroides
Targeted species,Cytophaga sp.
Targeted species,Dactyliosolen fragilissimus
Targeted species,Dactyliosolen sp.
Targeted species,Daitrona sp.
Targeted species,Danio rerio
Targeted species,Dascyllus aruanus
Targeted species,Dasysiphonia japonica
Targeted species,Debaryomyces hansenii
Targeted species,Dendraster excentricus
Targeted species,Dendrophyllia cornigera
Targeted species,Dendropoma petraeum
Targeted species,Derbesia marina
Targeted species,Derbesia tenuissima
Targeted species,Desmarestia aculeata
Targeted species,Desmarestia anceps
Targeted species,Desmarestia menziesii
Targeted species,Desmophyllum dianthus
Targeted species,Desmophyllum sp.
Targeted species,Dicentrarchus labrax
Targeted species,Dichocoenia stokesii
Targeted species,Dichotomaria marginata
Targeted species,Dictyopteris polypodioides
Targeted species,Dictyota bartayresiana
Targeted species,Dictyota dichotoma
Targeted species,Dictyota sp.
Targeted species,Dilophus fasciola
Targeted species,Dinobryon balticum
Targeted species,Diogenes pugilator
Targeted species,Diopatra neapolitana
Targeted species,Diplodus sargus
Targeted species,Diploria labyrinthiformis
Targeted species,Dischistodus perspicillatus
Targeted species,Discosphaerina fagi
Targeted species,Ditylum brightwellii
Targeted species,Doryteuthis pealeii
Targeted species,Dosidicus gigas
Targeted species,Dudresnaya verticillata
Targeted species,Dumontia incrassata
Targeted species,Dunaliella salina
Targeted species,Dunaliella tertiolecta
Targeted species,Duncanopsammia axifuga
Targeted species,Dynamene bifida
Targeted species,Dynamene torelliae
Targeted species,Echinaster sepositus
Targeted species,Echinocardium cordatum
Targeted species,Echinometra mathaei
Targeted species,Echinometra sp.
Targeted species,Echinometra viridis
Targeted species,Ecklonia radiata
Targeted species,Elachista neglecta
Targeted species,Electra pilosa
Targeted species,Elminius modestus
Targeted species,Elphidium advenum
Targeted species,Elphidium albiumbilicatum
Targeted species,Elphidium crispum
Targeted species,Elphidium excavatum
Targeted species,Elphidium excavatum clavatum
Targeted species,Elphidium excavatum excavatum
Targeted species,Elphidium gerthi
Targeted species,Elphidium incertum
Targeted species,Elphidium macellum
Targeted species,Elphidium margaritaceum
Targeted species,Elphidium sp.
Targeted species,Elphidium williamsoni
Targeted species,Emiliania huxleyi
Targeted species,Ensis siliqua
Targeted species,Epinephelus bruneus
Targeted species,Epistomella bradyana
Targeted species,Eponides sp.
Targeted species,Eriphia verrucosa
Targeted species,Ervilia castanea
Targeted species,Eucampia zoodiacus
Targeted species,Eucidaris tribuloides
Targeted species,Eunicea flexuosa
Targeted species,Eunicea fusca
Targeted species,Eunicella singularis
Targeted species,Euphausia krohni
Targeted species,Euphausia superba
Targeted species,Eurypon major
Targeted species,Eurytemora affinis
Targeted species,Evechinus chloroticus
Targeted species,Falkenbergia sp.
Targeted species,Favia fragum
Targeted species,Favites abdita
Targeted species,Flabellia petiolata
Targeted species,Flexopecten glaber
Targeted species,Forsterygion lapillum
Targeted species,Fragilariopsis curta
Targeted species,Fragilariopsis cylindrus
Targeted species,Fragilariopsis kerguelensis
Targeted species,Fucus serratus
Targeted species,Fucus vesicosus
Targeted species,Fucus vesiculosus
Targeted species,Fundulus heteroclitus
Targeted species,Furcellaria lumbricalis
Targeted species,Gadus morhua
Targeted species,Galaxaura rugosa
Targeted species,Galaxea fascicularis
Targeted species,Galeolaria caespitosa
Targeted species,Gammarus locusta
Targeted species,Gasterosteus aculeatus
Targeted species,Gephyrocapsa oceanica
Targeted species,Gibberulus gibberulus gibbosus
Targeted species,Gillichthys mirabilis
Targeted species,Globigerina bulloides
Targeted species,Globigerinella siphonifera
Targeted species,Globigerinoides ruber
Targeted species,Globigerinoides sacculifer
Targeted species,Gloiocladia furcata
Targeted species,Gloiocladia microspora
Targeted species,Glycera alba
Targeted species,Gnathia aureamaculosa
Targeted species,Gobiusculus flavescens
Targeted species,Gondogeneia antarctica
Targeted species,Goniopora sp.
Targeted species,Gonyaulax sp.
Targeted species,Gonyaulax spinifera
Targeted species,Gracillaria salicornia
Targeted species,Griffithsia genovefae
Targeted species,Griffithsia opuntioides
Targeted species,Griffithsia sp.
Targeted species,Guehomyces pullulans
Targeted species,Guinardia flaccida
Targeted species,Guinardia sp.
Targeted species,Gymnodinium arcticum
Targeted species,Gymnodinium spp.
Targeted species,Gyrodinium fusiforme
Targeted species,Haematocelis rubens
Targeted species,Haliclona mediterranea
Targeted species,Halimeda cuneata
Targeted species,Halimeda cylindracea
Targeted species,Halimeda digitata
Targeted species,Halimeda incrassata
Targeted species,Halimeda macroloba
Targeted species,Halimeda minima
Targeted species,Halimeda opuntia
Targeted species,Halimeda taenicola
Targeted species,Halimeda tuna
Targeted species,Haliotis discus hannai
Targeted species,Haliotis diversicolor
Targeted species,Haliotis fulgens
Targeted species,Haliotis kamtschatkana
Targeted species,Haliotis rufescens
Targeted species,Haliotis tuberculata
Targeted species,Halodule uninervis
Targeted species,Halodule wrightii
Targeted species,Halopteris filicina
Targeted species,Halopteris scoparia
Targeted species,Halymenia elongata
Targeted species,Haminoea hydatis
Targeted species,Hanzawaia nitidula
Targeted species,Haploblepharus edwardsii
Targeted species,Haraldia lenormandii
Targeted species,Haynesina depressula
Targeted species,Hediste diversicolor
Targeted species,Heliocidaris crassispi
Targeted species,Heliocidaris erythrogramma
Targeted species,Hemicentrotus pulcherrimus
Targeted species,Hemigrapsus sanguineus
Targeted species,Hemimycale columella
Targeted species,Heminuera frondosa
Targeted species,Hemiscyllium ocellatum
Targeted species,Henricia oculata
Targeted species,Heterocapsa sp.
Targeted species,Heterocapsa triquetra
Targeted species,Heterosigma akashiwo
Targeted species,Heterostegina antillarum
Targeted species,Heterostegina depressa
Targeted species,Heterozostera tasmanica
Targeted species,Hexadella topsenti
Targeted species,Hexaplex trunculus
Targeted species,Hildenbrandia sp.
Targeted species,Hincksia mitchelliae
Targeted species,Hippoglossus hippoglossus
Targeted species,Holothuria forskali
Targeted species,Holothuria parva
Targeted species,Holothuria scabra
Targeted species,Holothuria tubulosa
Targeted species,Homarus americanus
Targeted species,Homarus gammarus
Targeted species,Hyas araneus
Targeted species,Hydroides crucigera
Targeted species,Hydroides elegans
Targeted species,Hydrolithon boreale
Targeted species,Hydrolithon onkodes
Targeted species,Hydrolithon reinboldii
Targeted species,Hydrolithon samoense
Targeted species,Hydrolithon sp.
Targeted species,Hyella sp
Targeted species,Hypnea pannosa
Targeted species,Idiosepius pygmaeus
Targeted species,Idotea baltica
Targeted species,Idotea emarginata
Targeted species,Ircinia oros
Targeted species,Ircinia variabilis
Targeted species,Irvinea boergesenii
Targeted species,Isochrysis galbana
Targeted species,Isognomon alatus
Targeted species,Isopora cuneata
Targeted species,Jania rubens
Targeted species,Jasus lalandii
Targeted species,Kallymenia feldmannii
Targeted species,Kallymenia patens
Targeted species,Kallymenia requienii
Targeted species,Kallymenia sp.
Targeted species,Karenia mikimotoi
Targeted species,Katharina tunicata
Targeted species,Katodinium glaucum
Targeted species,Kondoa malvinella
Targeted species,Labroides dimidiatus
Targeted species,Lacuna vincta
Targeted species,Laevipeneroplis bradyi
Targeted species,Lagena sp.
Targeted species,Laminaria hyperborea
Targeted species,Laminaria rodriguezii
Targeted species,Laminaria solidungula
Targeted species,Larimichthys crocea
Targeted species,Laternula elliptica
Targeted species,Lates calcarifer
Targeted species,Laurencia sp.
Targeted species,Leathesia mucosa
Targeted species,Lekanesphaera monodi
Targeted species,Leptastrea purpurea
Targeted species,Leptochiton asellus
Targeted species,Leptofauchea coralligena
Targeted species,Leptopsammia pruvoti
Targeted species,Leucoraja erinacea
Targeted species,Leucosporidium scottii
Targeted species,Leuresthes tenuis
Targeted species,Limacina helicina
Targeted species,Limacina helicina antarctica
Targeted species,Limacina retroversa
Targeted species,Lingulodinium polyedrum
Targeted species,Liocarcinus arcuatus
Targeted species,Liothyrella uva
Targeted species,Lithophyllum cabiochae
Targeted species,Lithophyllum congestum
Targeted species,Lithophyllum flavescens
Targeted species,Lithophyllum incrustans
Targeted species,Lithophyllum kotschyanum
Targeted species,Lithophyllum prototypum
Targeted species,Lithophyllum sp.
Targeted species,Lithophyllum stictaeforme
Targeted species,Lithothamnion corallioides
Targeted species,Lithothamnion glaciale
Targeted species,Lithothamnion sp.
Targeted species,Lithothamnion valens
Targeted species,Litiorina littorea
Targeted species,Litopenaeus vannamei
Targeted species,Littorina littorea
Targeted species,Littorina obtusata
Targeted species,Lobatula lobatula
Targeted species,Lobophora papenfussii
Targeted species,Lobophora variegata
Targeted species,Lobophytum pauciflorum
Targeted species,Lohmaniella oviformis
Targeted species,Loligo vulgaris
Targeted species,Lomentaria australis
Targeted species,Lomentaria chylocladiella
Targeted species,Lomentaria ercegovicii
Targeted species,Lomentaria subdichotoma
Targeted species,Lophelia pertusa
Targeted species,Loripes lacteus
Targeted species,Loxechinus albus
Targeted species,Loxostomum pseudoberyrichi
Targeted species,Luidia clathrata
Targeted species,Lutraria lutraria
Targeted species,Lysidice collaris
Targeted species,Lysidice ninetta
Targeted species,Lytechinus pictus
Targeted species,Lytechinus variegatus
Targeted species,Macoma balthica
Targeted species,Macrocystis pyrifera
Targeted species,Madracis mirabilis
Targeted species,Madrepora oculata
Targeted species,Magallana angulata
Targeted species,Magallana hongkongensis
Targeted species,Magelona johnstoni
Targeted species,Magelona mirabilis
Targeted species,Margarella antarctica
Targeted species,Marginopora rossi
Targeted species,Marginopora vertebralis
Targeted species,Massilina gualtieriana
Targeted species,Mastigocoleus testarum
Targeted species,Melita palmata
Targeted species,Menidia beryllina
Targeted species,Menidia menidia
Targeted species,Menippe mercenaria
Targeted species,Mercenaria mercenaria
Targeted species,Meredithia microphylla
Targeted species,Meretrix meretrix
Targeted species,Mesalia mesal
Targeted species,Mesocentrotus franciscanus
Targeted species,Mesodinium rubrum
Targeted species,Mesophyllum alternans
Targeted species,Mesophyllum expansum
Targeted species,Metacarcinus magister
Targeted species,Metapenaeus monoceros
Targeted species,Microciona cf toxitenuis
Targeted species,Microglena sp.
Targeted species,Micromonas pusilla
Targeted species,Miliammina fusca
Targeted species,Miliola sp.
Targeted species,Miliolinella sp.
Targeted species,Miliolinella subrotunda
Targeted species,Mimachlamys asperrima
Targeted species,Mimosella gracilis
Targeted species,Mimosella verticillata
Targeted species,Montastraea cavernosa
Targeted species,Montipora aequituberculata
Targeted species,Montipora capitata
Targeted species,Montipora digitata
Targeted species,Montipora flabellata
Targeted species,Montipora monasteriata
Targeted species,Montipora patula
Targeted species,Mopalia muscosa
Targeted species,Musculista senhousia
Targeted species,Mya arenaria
Targeted species,Mycale grandis
Targeted species,Myriapora truncata
Targeted species,Myriogramme tristromatica
Targeted species,Myriotrichia adriatica
Targeted species,Mytilus californianus
Targeted species,Mytilus chilensis
Targeted species,Mytilus coruscus
Targeted species,Mytilus edulis
Targeted species,Mytilus galloprovincialis
Targeted species,Mytilus trossulus
Targeted species,Nacella concinna
Targeted species,Naso elegans
Targeted species,Nassarius conoidalis
Targeted species,Nassarius corniculus
Targeted species,Nassarius cuvieri
Targeted species,Nassarius festivus
Targeted species,Nassarius incrassatus
Targeted species,Nassarius nitidus
Targeted species,Nassarius pfeifferi
Targeted species,Nassarius pygmaeus
Targeted species,Nassarius reticulatus
Targeted species,Navicula granii
Targeted species,Navicula sp.
Targeted species,Navicula spp.
Targeted species,Navicula vanhoeffenii
Targeted species,Necora puber
Targeted species,Neodenticula seminae
Targeted species,Neogloboquadrina incompta
Targeted species,Neogloboquadrina pachyderma
Targeted species,Neogoniolithon
Targeted species,Neogoniolithon brassica-florida
Targeted species,Neogoniolithon frutescens
Targeted species,Neogoniolithon mamillosum
Targeted species,Neogoniolithon sp.
Targeted species,Neogoniolithon spectabile
Targeted species,Neogonodactylus bredini
Targeted species,Neomonospora pedicellata var. tenuis
Targeted species,Neosiphonia harveyi
Targeted species,Nephtys cirrosa
Targeted species,Nephtys hombergii
Targeted species,Neurocaulon foliosum
Targeted species,Nitophyllum flabellatum
Targeted species,Nitophyllum punctatum
Targeted species,Nitzschia closterium
Targeted species,Nitzschia lecointei
Targeted species,Nodularia spumigena
Targeted species,Nonionella basispinata
Targeted species,Nonionella sp.
Targeted species,Notocidaris gaussensis
Targeted species,Notoclinops segmentatus
Targeted species,Notoclinops yaldwyni
Targeted species,Notothenia rossii
Targeted species,Nucella lapillus
Targeted species,Nucella ostrina
Targeted species,Nucula nucleus
Targeted species,Nucula sulcata
Targeted species,Nyctiphanes couchii
Targeted species,Ochrosphaera neapolitana
Targeted species,Oculina arbuscula
Targeted species,Oculina patagonica
Targeted species,Odontaster validus
Targeted species,Odontella weissflogii
Targeted species,Oikopleura dioica
Targeted species,Oithona davisae
Targeted species,Oithona similis
Targeted species,Oligochaeta sp.
Targeted species,Oncorhynchus gorbuscha
Targeted species,Oncorhynchus mykiss
Targeted species,Operculina ammonoides
Targeted species,Ophiocomina nigra
Targeted species,Ophiothrix fragilis
Targeted species,Ophryotrocha japonica
Targeted species,Ophryotrocha labronica
Targeted species,Ophryotrocha robusta
Targeted species,Orbicella faveolata
Targeted species,Orbulina universa
Targeted species,Oreochromis mossambicus
Targeted species,Oryzias melastigma
Targeted species,Oscillatoria spp
Targeted species,Osilinus turbinatus
Targeted species,Osmundea pelagosae
Targeted species,Ostorhinchus cyanosoma
Targeted species,Ostorhinchus doederleini
Targeted species,Ostrea chilensis
Targeted species,Ostrea edulis
Targeted species,Ostrea lurida
Targeted species,Ostreobium spp
Targeted species,Ostreococcus sp.
Targeted species,Ostreococcus tauri
Targeted species,Pachygrapsus marmoratus
Targeted species,Padina australis
Targeted species,Padina pavonica
Targeted species,Padina spp.
Targeted species,Pagurus bernhardus
Targeted species,Pagurus sp.
Targeted species,Pagurus tanneri
Targeted species,Palaemon intermedius
Targeted species,Palaemon serenus
Targeted species,Palmaria palmata
Targeted species,Pandalus borealis
Targeted species,Panopeus herbstii
Targeted species,Paphia aurea
Targeted species,Paphia rhomboides
Targeted species,Paphia undulate
Targeted species,Parablennius laticlavius
Targeted species,Paracentrotus lividus
Targeted species,Paradexamine fissicauda
Targeted species,Parafavella spp.
Targeted species,Paralichthys dentatus
Targeted species,Paralichthys olivaceus
Targeted species,Parazoanthus axinellae
Targeted species,Parorchis sp.
Targeted species,Parvicardium exiguum
Targeted species,Patella caerulea
Targeted species,Patella rustica
Targeted species,Patella vulgata
Targeted species,Patinopecten yessoensis
Targeted species,Patiriella regularis
Targeted species,Pavona cactus
Targeted species,Pecten maximus
Targeted species,Penaeus plebejus
Targeted species,Peneroplis pertusus
Targeted species,Peneroplis planatus
Targeted species,Peneroplis sp.
Targeted species,Pentapora fascialis
Targeted species,Peringia ulvae
Targeted species,Perna canaliculus
Targeted species,Perna perna
Targeted species,Perumytilus purpuratus
Targeted species,Petalonia sp.
Targeted species,Petrolisthes cinctipes
Targeted species,Petrosia ficiformis
Targeted species,Peyssonnelia crispata
Targeted species,Peyssonnelia dubyi
Targeted species,Peyssonnelia harveyana
Targeted species,Peyssonnelia inamoena
Targeted species,Peyssonnelia rosa-marina
Targeted species,Peyssonnelia sp.
Targeted species,Peyssonnelia squamaria
Targeted species,Phaedactylum tricornutum
Targeted species,Phaeocystis antarctica
Targeted species,Phaeocystis globosa
Targeted species,Phaeocystis pouchetii
Targeted species,Phaeodactylum tricornutum
Targeted species,Pherusella tubulosa
Targeted species,Philophthalmus sp.
Targeted species,Pholas dactylus
Targeted species,Phorbas ficticius
Targeted species,Phorbas fictitius
Targeted species,Phorbas tenacior
Targeted species,Phorcus sauciatus
Targeted species,Phyllacanthus imperialis
Targeted species,Phyllariopsis brevipes
Targeted species,Phyllophora crispa
Targeted species,Phymatolithon calcareum
Targeted species,Phymatolithon lusitanicum
Targeted species,Pileolina patelliformis
Targeted species,Pinna nobilis
Targeted species,Planorbulina acervalis
Targeted species,Platichthys flesus
Targeted species,Platygyra contorta
Targeted species,Platynereis dumerilii
Targeted species,Plectonema terebrans
Targeted species,Plectropomus leopardus
Targeted species,Plesiastrea versipora
Targeted species,Pleurochrysis carterae
Targeted species,Pleurochrysis placolithoides
Targeted species,Plocamium angustum
Targeted species,Plocamium cartilagineum
Targeted species,Pneophyllum sp.
Targeted species,Pocillopora acuta
Targeted species,Pocillopora damicornis
Targeted species,Pocillopora eydouxi
Targeted species,Pocillopora meandrina
Targeted species,Pocillopora verrucosa
Targeted species,Polyophthalmus pictus
Targeted species,Polysiphonia elongella
Targeted species,Polysiphonia flocculosa
Targeted species,Polysiphonia fucoides
Targeted species,Polysiphonia subulifera
Targeted species,Pomacentrus amboinensis
Targeted species,Pomacentrus chrysurus
Targeted species,Pomacentrus moluccensis
Targeted species,Pomacentrus nagasakiensis
Targeted species,Pomacentrus wardi
Targeted species,Pomatoschistus pictus
Targeted species,Porella cervicornis
Targeted species,Porifera unidentified
Targeted species,Porites astreoides
Targeted species,Porites compressa
Targeted species,Porites cylindrica
Targeted species,Porites divaricata
Targeted species,Porites evermanni
Targeted species,Porites irregularis
Targeted species,Porites lobata
Targeted species,Porites lutea
Targeted species,Porites murrayensis
Targeted species,Porites panamensis
Targeted species,Porites porites
Targeted species,Porites rus
Targeted species,Porites sp.
Targeted species,Porolithon onkodes
Targeted species,Porphyra purpurea
Targeted species,Posidonia oceanica
Targeted species,Potamogeton perfoliatus
Targeted species,Praunus flexuosus
Targeted species,Proboscia alata
Targeted species,Proboscia truncata
Targeted species,Prochlorococcus
Targeted species,Prochlorococcus sp.
Targeted species,Prorocentrum micans
Targeted species,Prorocentrum minimum
Targeted species,Prorocentrum spp.
Targeted species,Protoceratium reticulatum
Targeted species,Psammechinus miliaris
Targeted species,Psammocora profundacella
Targeted species,Psetta maxima
Targeted species,Pseudo-nitzschia fraudulenta
Targeted species,Pseudo-nitzschia pseudodelicatissima
Targeted species,Pseudo-nitzschia spp.
Targeted species,Pseudo-nitzschia subcurvata
Targeted species,Pseudochlorodesmis furcellata
Targeted species,Pseudochromis fuscus
Targeted species,Pseudodiploria clivosa
Targeted species,Pseudodiploria strigosa
Targeted species,Pseudonitzschia delicatissima
Targeted species,Pseudonitzschia sp.
Targeted species,Pseudonitzschia turgiduloides
Targeted species,Pseudopleuronectes americanus
Targeted species,Pseudotriloculina sp.
Targeted species,Pterothamnion crispum
Targeted species,Pycnoclavella sp.
Targeted species,Pyramimonas sp.
Targeted species,Pyropia yezoensis
Targeted species,Quinquelloculina sp.
Targeted species,Quinqueloculina annectens
Targeted species,Quinqueloculina auberiana
Targeted species,Quinqueloculina bosciana
Targeted species,Quinqueloculina sp.
Targeted species,Quinqueloculina stelligera
Targeted species,Ramularia pratensis var. pratensis
Targeted species,Reophax dentaliniformis
Targeted species,Reophax sp.
Targeted species,Reteporella sp.
Targeted species,Rhizosolenia setigera
Targeted species,Rhizosolenia sp.
Targeted species,Rhizosolenia spp.
Targeted species,Rhodomonas sp.
Targeted species,Rhodomos Sali
Targeted species,Rhodophyllis divaricata
Targeted species,Rhodophyllis gunnii
Targeted species,Rhodophyllis strafforelloi
Targeted species,Rhodotorula mucilaginosa
Targeted species,Rhodymenia sp.
Targeted species,Rimostrombidium sp.
Targeted species,Rissoa monodonta
Targeted species,Rodriguezella pinnata
Targeted species,Rosalina globularis
Targeted species,Rosalina sp.
Targeted species,Ruditapes decussatus
Targeted species,Ruditapes philippinarum
Targeted species,Ruppia maritima
Targeted species,Sabella spallanzanii
Targeted species,Saccharina latissima
Targeted species,Saccostrea glomerata
Targeted species,Salmo salar
Targeted species,Salmo trutta
Targeted species,Sarcophyton elegans
Targeted species,Sarcophyton sp.
Targeted species,Sarcotragus spinosulus
Targeted species,Sargassum muticum
Targeted species,Sargassum vulgare
Targeted species,Savignyella lafontii
Targeted species,Scalarispongia scalaris
Targeted species,Scapharca broughtonii
Targeted species,Schizopera knabeni
Targeted species,Schizoseris sp.
Targeted species,Sciaenops ocellatus
Targeted species,Scoloplos armiger
Targeted species,Scrippsiella trochoidea
Targeted species,Scrobicularia plana
Targeted species,Scyliorhinus canicula
Targeted species,Scyphosphaera apsteinii
Targeted species,Sebastes diploproa
Targeted species,Sebastes mystinus
Targeted species,Sebdenia rodrigueziana
Targeted species,Semibalanus balanoides
Targeted species,Sepia officilis
Targeted species,Sepia officinalis
Targeted species,Sepioteuthis lessoniana
Targeted species,Seriatopora caliendrum
Targeted species,Seriatopora hystrix
Targeted species,Seriola lalandi
Targeted species,Siderastrea radians
Targeted species,Siderastrea siderea
Targeted species,Sigalion mathildae
Targeted species,Simplaria sp.
Targeted species,Sinonovacula constricta
Targeted species,Sinularia sp.
Targeted species,Skeletonema costatum
Targeted species,Skeletonema marinoi
Targeted species,Skeletonema sp.
Targeted species,Solea senegalensis
Targeted species,Solen marginatus
Targeted species,Solenastrea hyades
Targeted species,Sorites marginalis
Targeted species,Sparus aurata
Targeted species,Spermatochnus paradoxus
Targeted species,Spermothamnion flabellatum
Targeted species,Sphacelaria cirrosa
Targeted species,Sphacelaria plumula
Targeted species,Sphaerococcus coronopifolius
Targeted species,Sphoeroides nephelus
Targeted species,Sphyraena idiastes
Targeted species,Spionida sp.
Targeted species,Spirastrella cunctatrix
Targeted species,Spiroloculina ornata
Targeted species,Spiroplectammina biformis
Targeted species,Spirorbis sp.
Targeted species,Spirorbis spirorbis
Targeted species,Spirulina sp.
Targeted species,Spisula subtruncata
Targeted species,Spongia virgultosa
Targeted species,Spongites fruticulosa
Targeted species,Spongomorpha
Targeted species,Sporolithon durum
Targeted species,Sporolithon sp.
Targeted species,Stauroneis constricta
Targeted species,Stellarima microtrias
Targeted species,Stenotomus chrysops
Targeted species,Sterechinus antarcticus
Targeted species,Sterechinus neumayeri
Targeted species,Stictyosiphon adriaticus
Targeted species,Strombidium conicum
Targeted species,Strombus alatus
Targeted species,Stronglyocentrotus purpuratus
Targeted species,Strongylocentrotus droebachiensis
Targeted species,Strongylocentrotus purpuratus
Targeted species,Stylophora pistillata
Targeted species,Syllis prolifera
Targeted species,Symbiodinium sp.
Targeted species,Symbiodinium spp.
Targeted species,Symphodus ocellatus
Targeted species,Symsagittifera roscoffensis
Targeted species,Synechococcus sp.
Targeted species,Syracosphaera pulchra
Targeted species,Takifugu rubripes
Targeted species,Tarebia granifera
Targeted species,Tegillarca granosa
Targeted species,Tegula funebralis
Targeted species,Teleaulax amphioxeia
Targeted species,Tellina fabula
Targeted species,Temora longicornis
Targeted species,Tetracladium setigerum
Targeted species,Tetraselmis suecica
Targeted species,Textularia tenuissima
Targeted species,Texturlaria sp.
Targeted species,Thalassia hemprichii
Targeted species,Thalassia testudinum
Targeted species,Thalassionema nitzschioides
Targeted species,Thalassionema sp.
Targeted species,Thalassiosira antarctica
Targeted species,Thalassiosira eccentrica
Targeted species,Thalassiosira hyalina
Targeted species,Thalassiosira nordenskioldii
Targeted species,Thalassiosira oceanica
Targeted species,Thalassiosira pseudonana
Targeted species,Thalassiosira punctigera
Targeted species,Thalassiosira sp.
Targeted species,Thalassiosira weissflogii
Targeted species,Thalassiothrix sp.
Targeted species,Thalssionema nitzschioides
Targeted species,Thoracosphaera heimii
Targeted species,Thysanoessa inermis
Targeted species,Tigriopus japonicus
Targeted species,Tisbe battagliai
Targeted species,Titanoderma sp.
Targeted species,Tonicella lineata
Targeted species,Trachurus novaezelandiae
Targeted species,Trichodesmium erythraeum
Targeted species,Trichodesmium sp.
Targeted species,Tridacna squamosa
Targeted species,Triloculinella dilatata
Targeted species,Tripneustes ventricosus
Targeted species,Tritia reticulata
Targeted species,Trochammina inflata
Targeted species,Trochammina sp.
Targeted species,Tropidoneis spp.
Targeted species,Turbicellepora avicularis
Targeted species,Turbinaria reniformis
Targeted species,Turbo militaris
Targeted species,Udotea flabellum
Targeted species,Udotea petiolata
Targeted species,Ulva Compress
Targeted species,Ulva lactuca
Targeted species,Ulva linza
Targeted species,Ulva prolifera
Targeted species,Ulva rigida
Targeted species,Ulva sp.
Targeted species,Undaria pinnatifida
Targeted species,Undaria tenuifolia
Targeted species,Upogebia deltaura
Targeted species,Upogebia pusilla
Targeted species,Urosalpinx cinerea
Targeted species,Urothoe brevicornis
Targeted species,Uvigerina excellens
Targeted species,Valonia macrophysa
Targeted species,Veleroninoides sp.
Targeted species,Vermetus triqueter
Targeted species,Vertebralina striata
Targeted species,Vibrio harveyi
Targeted species,Yoldia eightsi
Targeted species,Zanardinia typus
Targeted species,Zeacumantus subcarinatus
Targeted species,Zostera capricorni
Targeted species,Zostera japonica
Targeted species,Zostera marina
Targeted species,Zostera muelleri
Targeted species,Zostera noltii
Type of community,Rocky-shore community
Type of community,Soft-bottom community
Type of study,Field experiment
Type of study,Field observation
Type of study,Laboratory experiment
